Name,Date,Close
Quant Active Fund Gr,24-04-2024,658.122
Quant Active Fund Gr,23-04-2024,652.321
Quant Active Fund Gr,22-04-2024,649.7063
Quant Active Fund Gr,19-04-2024,641.6291
Quant Active Fund Gr,18-04-2024,641.9648
Quant Active Fund Gr,16-04-2024,643.7749
Quant Active Fund Gr,15-04-2024,642.0101
Quant Active Fund Gr,12-04-2024,650.7151
Quant Active Fund Gr,10-04-2024,654.1684
Quant Active Fund Gr,09-04-2024,649.8691
Quant Active Fund Gr,08-04-2024,649.544
Quant Active Fund Gr,05-04-2024,648.6462
Quant Active Fund Gr,04-04-2024,644.5665
Quant Active Fund Gr,03-04-2024,644.492
Quant Active Fund Gr,02-04-2024,637.7451
Quant Active Fund Gr,01-04-2024,632.9981
Quant Active Fund Gr,31-03-2024,617.9561
Quant Active Fund Gr,28-03-2024,617.9979
Quant Active Fund Gr,27-03-2024,613.8517
Quant Active Fund Gr,26-03-2024,610.9961
Quant Active Fund Gr,22-03-2024,608.5935
Quant Active Fund Gr,21-03-2024,605.5274
Quant Active Fund Gr,20-03-2024,592.6972
Quant Active Fund Gr,19-03-2024,593.038
Quant Active Fund Gr,18-03-2024,604.3264
Quant Active Fund Gr,15-03-2024,598.5643
Quant Active Fund Gr,14-03-2024,599.4033
Quant Active Fund Gr,13-03-2024,584.2209
Quant Active Fund Gr,12-03-2024,615.3383
Quant Active Fund Gr,11-03-2024,624.4168
Quant Active Fund Gr,07-03-2024,631.8441
Quant Active Fund Gr,06-03-2024,628.6589
Quant Active Fund Gr,05-03-2024,633.8832
Quant Active Fund Gr,04-03-2024,636.4885
Quant Active Fund Gr,01-03-2024,625.6191
Quant Active Fund Gr,29-02-2024,617.32
Quant Active Fund Gr,28-02-2024,612.7635
Quant Active Fund Gr,27-02-2024,623.4515
Quant Active Fund Gr,26-02-2024,626.8261
Quant Active Fund Gr,23-02-2024,629.9541
Quant Active Fund Gr,22-02-2024,627.5213
Quant Active Fund Gr,21-02-2024,618.639
Quant Active Fund Gr,20-02-2024,623.6985
Quant Active Fund Gr,19-02-2024,623.4107
Quant Active Fund Gr,16-02-2024,618.8035
Quant Active Fund Gr,15-02-2024,616.7865
Quant Active Fund Gr,14-02-2024,610.5419
Quant Active Fund Gr,13-02-2024,602.0836
Quant Active Fund Gr,12-02-2024,601.2888
Quant Active Fund Gr,09-02-2024,619.1333
Quant Active Fund Gr,08-02-2024,625.2797
Quant Active Fund Gr,07-02-2024,625.0266
Quant Active Fund Gr,06-02-2024,624.425
Quant Active Fund Gr,05-02-2024,618.4539
Quant Active Fund Gr,02-02-2024,614.9372
Quant Active Fund Gr,01-02-2024,609.5428
Quant Active Fund Gr,31-01-2024,612.6397
Quant Active Fund Gr,30-01-2024,606.2594
Quant Active Fund Gr,29-01-2024,606.6349
Quant Active Fund Gr,25-01-2024,593.4329
Quant Active Fund Gr,24-01-2024,589.2893
Quant Active Fund Gr,23-01-2024,577.3682
Quant Active Fund Gr,19-01-2024,592.9102
Quant Active Fund Gr,18-01-2024,584.9413
Quant Active Fund Gr,17-01-2024,581.2088
Quant Active Fund Gr,16-01-2024,588.4435
Quant Active Fund Gr,15-01-2024,591.8532
Quant Active Fund Gr,12-01-2024,586.6376
Quant Active Fund Gr,11-01-2024,583.5784
Quant Active Fund Gr,10-01-2024,579.8525
Quant Active Fund Gr,09-01-2024,575.7228
Quant Active Fund Gr,08-01-2024,573.0221
Quant Active Fund Gr,05-01-2024,580.3548
Quant Active Fund Gr,04-01-2024,581.4106
Quant Active Fund Gr,03-01-2024,573.5107
Quant Active Fund Gr,02-01-2024,574.9393
Quant Active Fund Gr,01-01-2024,575.5106
Quant Active Fund Gr,29-12-2023,572.6229
Quant Active Fund Gr,28-12-2023,571.0828
Quant Active Fund Gr,27-12-2023,565.2779
Quant Active Fund Gr,26-12-2023,562.8494
Quant Active Fund Gr,22-12-2023,559.4307
Quant Active Fund Gr,21-12-2023,554.4757
Quant Active Fund Gr,20-12-2023,543.1603
Quant Active Fund Gr,19-12-2023,560.5398
Quant Active Fund Gr,18-12-2023,559.413
Quant Active Fund Gr,15-12-2023,555.9159
Quant Active Fund Gr,14-12-2023,552.6418
Quant Active Fund Gr,13-12-2023,546.8147
Quant Active Fund Gr,12-12-2023,544.1271
Quant Active Fund Gr,11-12-2023,545.1836
Quant Active Fund Gr,08-12-2023,542.3005
Quant Active Fund Gr,07-12-2023,545.6007
Quant Active Fund Gr,06-12-2023,544.7566
Quant Active Fund Gr,05-12-2023,542.4513
Quant Active Fund Gr,04-12-2023,538.6189
Quant Active Fund Gr,01-12-2023,532.9267
Quant Active Fund Gr,30-11-2023,529.9207
Quant Active Fund Gr,29-11-2023,527.2359
Quant Active Fund Gr,28-11-2023,524.6516
Quant Active Fund Gr,24-11-2023,521.4137
Quant Active Fund Gr,23-11-2023,519.5256
Quant Active Fund Gr,22-11-2023,520.8136
Quant Active Fund Gr,21-11-2023,520.8323
Quant Active Fund Gr,20-11-2023,517.8723
Quant Active Fund Gr,17-11-2023,518.0507
Quant Active Fund Gr,16-11-2023,518.1875
Quant Active Fund Gr,15-11-2023,515.8507
Quant Active Fund Gr,13-11-2023,511.4833
Quant Active Fund Gr,10-11-2023,508.0591
Quant Active Fund Gr,09-11-2023,506.5073
Quant Active Fund Gr,08-11-2023,506.6531
Quant Active Fund Gr,07-11-2023,503.8797
Quant Active Fund Gr,06-11-2023,500.9886
Quant Active Fund Gr,03-11-2023,496.0214
Quant Active Fund Gr,02-11-2023,493.5016
Quant Active Fund Gr,01-11-2023,488.9437
Quant Active Fund Gr,31-10-2023,490.7445
Quant Active Fund Gr,30-10-2023,491.8466
Quant Active Fund Gr,27-10-2023,488.9417
Quant Active Fund Gr,26-10-2023,481.0964
Quant Active Fund Gr,25-10-2023,485.3344
Quant Active Fund Gr,23-10-2023,488.1296
Quant Active Fund Gr,20-10-2023,502.7942
Quant Active Fund Gr,19-10-2023,508.9801
Quant Active Fund Gr,18-10-2023,508.2723
Quant Active Fund Gr,17-10-2023,512.1752
Quant Active Fund Gr,16-10-2023,511.4822
Quant Active Fund Gr,13-10-2023,511.7966
Quant Active Fund Gr,12-10-2023,513.4926
Quant Active Fund Gr,11-10-2023,509.6298
Quant Active Fund Gr,10-10-2023,506.8405
Quant Active Fund Gr,09-10-2023,499.105
Quant Active Fund Gr,06-10-2023,506.1952
Quant Active Fund Gr,05-10-2023,503.4728
Quant Active Fund Gr,04-10-2023,503.1118
Quant Active Fund Gr,03-10-2023,509.2535
Quant Active Fund Gr,29-09-2023,510.1892
Quant Active Fund Gr,27-09-2023,509.9162
Quant Active Fund Gr,26-09-2023,505.931
Quant Active Fund Gr,25-09-2023,507.1205
Quant Active Fund Gr,22-09-2023,504.9178
Quant Active Fund Gr,21-09-2023,505.4111
Quant Active Fund Gr,20-09-2023,509.4632
Quant Active Fund Gr,18-09-2023,515.3509
Quant Active Fund Gr,15-09-2023,517.3219
Quant Active Fund Gr,14-09-2023,517.2682
Quant Active Fund Gr,13-09-2023,514.4604
Quant Active Fund Gr,12-09-2023,509.392
Quant Active Fund Gr,11-09-2023,523.4955
Quant Active Fund Gr,08-09-2023,519.2339
Quant Active Fund Gr,07-09-2023,516.2478
Quant Active Fund Gr,06-09-2023,513.5041
Quant Active Fund Gr,05-09-2023,514.8495
Quant Active Fund Gr,04-09-2023,510.5038
Quant Active Fund Gr,01-09-2023,506.0071
Quant Active Fund Gr,31-08-2023,499.6833
Quant Active Fund Gr,30-08-2023,498.6422
Quant Active Fund Gr,29-08-2023,496.0734
Quant Active Fund Gr,28-08-2023,494.3455
Quant Active Fund Gr,25-08-2023,491.2519
Quant Active Fund Gr,24-08-2023,493.3728
Quant Active Fund Gr,23-08-2023,495.597
Quant Active Fund Gr,22-08-2023,493.014
Quant Active Fund Gr,21-08-2023,489.7829
Quant Active Fund Gr,18-08-2023,486.7658
Quant Active Fund Gr,17-08-2023,486.6513
Quant Active Fund Gr,16-08-2023,487.2222
Quant Active Fund Gr,14-08-2023,487.0342
Quant Active Fund Gr,11-08-2023,489.8236
Quant Active Fund Gr,10-08-2023,489.7441
Quant Active Fund Gr,09-08-2023,489.7213
Quant Active Fund Gr,08-08-2023,487.1542
Quant Active Fund Gr,07-08-2023,487.4403
Quant Active Fund Gr,04-08-2023,485.5615
Quant Active Fund Gr,03-08-2023,483.5954
Quant Active Fund Gr,02-08-2023,484.3566
Quant Active Fund Gr,01-08-2023,492.4168
Quant Active Fund Gr,31-07-2023,494.0329
Quant Active Fund Gr,28-07-2023,490.3967
Quant Active Fund Gr,27-07-2023,488.0352
Quant Active Fund Gr,26-07-2023,486.6652
Quant Active Fund Gr,25-07-2023,482.7371
Quant Active Fund Gr,24-07-2023,481.2048
Quant Active Fund Gr,21-07-2023,481.8981
Quant Active Fund Gr,20-07-2023,483.7496
Quant Active Fund Gr,19-07-2023,480.6417
Quant Active Fund Gr,18-07-2023,476.3157
Quant Active Fund Gr,17-07-2023,477.4228
Quant Active Fund Gr,14-07-2023,472.5808
Quant Active Fund Gr,13-07-2023,469.0467
Quant Active Fund Gr,12-07-2023,472.8072
Quant Active Fund Gr,11-07-2023,473.7208
Quant Active Fund Gr,10-07-2023,471.1914
Quant Active Fund Gr,07-07-2023,470.6604
Quant Active Fund Gr,06-07-2023,472.9681
Quant Active Fund Gr,05-07-2023,469.7958
Quant Active Fund Gr,04-07-2023,468.6484
Quant Active Fund Gr,03-07-2023,468.1525
Quant Active Fund Gr,30-06-2023,464.8939
Quant Active Fund Gr,28-06-2023,461.827
Quant Active Fund Gr,27-06-2023,459.9495
Quant Active Fund Gr,26-06-2023,456.445
Quant Active Fund Gr,23-06-2023,454.8568
Quant Active Fund Gr,22-06-2023,458.2062
Quant Active Fund Gr,21-06-2023,461.0123
Quant Active Fund Gr,20-06-2023,459.9254
Quant Active Fund Gr,19-06-2023,459.3799
Quant Active Fund Gr,16-06-2023,460.3325
Quant Active Fund Gr,15-06-2023,458.0509
Quant Active Fund Gr,14-06-2023,458.8569
Quant Active Fund Gr,13-06-2023,458.1731
Quant Active Fund Gr,12-06-2023,453.472
Quant Active Fund Gr,09-06-2023,450.8761
Quant Active Fund Gr,08-06-2023,450.2968
Quant Active Fund Gr,07-06-2023,453.2715
Quant Active Fund Gr,06-06-2023,449.0824
Quant Active Fund Gr,05-06-2023,447.1586
Quant Active Fund Gr,02-06-2023,447.1616
Quant Active Fund Gr,01-06-2023,445.7015
Quant Active Fund Gr,31-05-2023,444.9679
Quant Active Fund Gr,30-05-2023,444.8227
Quant Active Fund Gr,29-05-2023,443.7904
Quant Active Fund Gr,26-05-2023,442.5973
Quant Active Fund Gr,25-05-2023,439.2528
Quant Active Fund Gr,24-05-2023,438.8254
Quant Active Fund Gr,23-05-2023,439.6208
Quant Active Fund Gr,22-05-2023,438.6281
Quant Active Fund Gr,19-05-2023,437.3023
Quant Active Fund Gr,18-05-2023,437.0938
Quant Active Fund Gr,17-05-2023,440.7943
Quant Active Fund Gr,16-05-2023,440.9505
Quant Active Fund Gr,15-05-2023,441.1073
Quant Active Fund Gr,12-05-2023,438.3131
Quant Active Fund Gr,11-05-2023,438.9294
Quant Active Fund Gr,10-05-2023,440.44
Quant Active Fund Gr,09-05-2023,441.0171
Quant Active Fund Gr,08-05-2023,441.957
Quant Active Fund Gr,05-05-2023,439.2494
Quant Active Fund Gr,04-05-2023,443.8212
Quant Active Fund Gr,03-05-2023,441.2705
Quant Active Fund Gr,02-05-2023,441.2927
Quant Active Fund Gr,28-04-2023,439.1088
Quant Active Fund Gr,27-04-2023,432.8378
Quant Active Fund Gr,26-04-2023,430.1221
Quant Active Fund Gr,25-04-2023,428.5866
Quant Active Fund Gr,24-04-2023,427.31
Quant Active Fund Gr,21-04-2023,423.3056
Quant Active Fund Gr,20-04-2023,424.776
Quant Active Fund Gr,19-04-2023,424.7631
Quant Active Fund Gr,18-04-2023,425.4257
Quant Active Fund Gr,17-04-2023,426.5837
Quant Active Fund Gr,13-04-2023,425.2551
Quant Active Fund Gr,12-04-2023,423.3911
Quant Active Fund Gr,11-04-2023,422.7408
Quant Active Fund Gr,10-04-2023,420.4351
Quant Active Fund Gr,06-04-2023,419.7046
Quant Active Fund Gr,05-04-2023,417.2428
Quant Active Fund Gr,03-04-2023,414.0913
Quant Active Fund Gr,31-03-2023,412.9692
Quant Active Fund Gr,29-03-2023,405.6889
Quant Active Fund Gr,28-03-2023,398.841
Quant Active Fund Gr,27-03-2023,400.065
Quant Active Fund Gr,24-03-2023,402.0126
Quant Active Fund Gr,23-03-2023,406.389
Quant Active Fund Gr,22-03-2023,408.0107
Quant Active Fund Gr,21-03-2023,406.6806
Quant Active Fund Gr,20-03-2023,403.6544
Quant Active Fund Gr,17-03-2023,408.5712
Quant Active Fund Gr,16-03-2023,407.5458
Quant Active Fund Gr,15-03-2023,408.2271
Quant Active Fund Gr,14-03-2023,409.9926
Quant Active Fund Gr,13-03-2023,413.8134
Quant Active Fund Gr,10-03-2023,422.9941
Quant Active Fund Gr,09-03-2023,425.3223
Quant Active Fund Gr,08-03-2023,428.166
Quant Active Fund Gr,06-03-2023,426.7152
Quant Active Fund Gr,03-03-2023,423.7836
Quant Active Fund Gr,02-03-2023,416.9519
Quant Active Fund Gr,01-03-2023,416.7574
Quant Active Fund Gr,28-02-2023,411.5642
Quant Active Fund Gr,27-02-2023,411.8245
Quant Active Fund Gr,24-02-2023,413.6675
Quant Active Fund Gr,23-02-2023,417.6579
Quant Active Fund Gr,22-02-2023,419.9875
Quant Active Fund Gr,21-02-2023,423.0885
Quant Active Fund Gr,20-02-2023,423.4486
Quant Active Fund Gr,17-02-2023,424.093
Quant Active Fund Gr,16-02-2023,426.927
Quant Active Fund Gr,15-02-2023,424.8285
Quant Active Fund Gr,14-02-2023,422.6622
Quant Active Fund Gr,13-02-2023,420.8936
Quant Active Fund Gr,10-02-2023,424.0102
Quant Active Fund Gr,09-02-2023,422.2124
Quant Active Fund Gr,08-02-2023,422.3221
Quant Active Fund Gr,07-02-2023,420.2258
Quant Active Fund Gr,06-02-2023,421.3982
Quant Active Fund Gr,03-02-2023,420.5942
Quant Active Fund Gr,02-02-2023,419.5636
Quant Active Fund Gr,01-02-2023,419.4321
Quant Active Fund Gr,31-01-2023,433.0378
Quant Active Fund Gr,30-01-2023,423.949
Quant Active Fund Gr,27-01-2023,424.7531
Quant Active Fund Gr,25-01-2023,442.1765
Quant Active Fund Gr,24-01-2023,451.7651
Quant Active Fund Gr,23-01-2023,455.5978
Quant Active Fund Gr,20-01-2023,456.0579
Quant Active Fund Gr,19-01-2023,456.7902
Quant Active Fund Gr,18-01-2023,458.8647
Quant Active Fund Gr,17-01-2023,457.7088
Quant Active Fund Gr,16-01-2023,458.2948
Quant Active Fund Gr,13-01-2023,457.2042
Quant Active Fund Gr,12-01-2023,455.1902
Quant Active Fund Gr,11-01-2023,456.6552
Quant Active Fund Gr,10-01-2023,456.3965
Quant Active Fund Gr,09-01-2023,461.0877
Quant Active Fund Gr,06-01-2023,456.3921
Quant Active Fund Gr,05-01-2023,459.4917
Quant Active Fund Gr,04-01-2023,458.1647
Quant Active Fund Gr,03-01-2023,464.39
Quant Active Fund Gr,02-01-2023,463.0524
Quant Active Fund Gr,30-12-2022,458.5367
Quant Active Fund Gr,29-12-2022,456.5859
Quant Active Fund Gr,28-12-2022,454.104
Quant Active Fund Gr,27-12-2022,453.1322
Quant Active Fund Gr,26-12-2022,447.0757
Quant Active Fund Gr,23-12-2022,432.2888
Quant Active Fund Gr,22-12-2022,452.8286
Quant Active Fund Gr,21-12-2022,457.6791
Quant Active Fund Gr,20-12-2022,469.4595
Quant Active Fund Gr,19-12-2022,470.5933
Quant Active Fund Gr,16-12-2022,466.6317
Quant Active Fund Gr,15-12-2022,472.5638
Quant Active Fund Gr,14-12-2022,479.2129
Quant Active Fund Gr,13-12-2022,477.5368
Quant Active Fund Gr,12-12-2022,473.3293
Quant Active Fund Gr,09-12-2022,469.5076
Quant Active Fund Gr,08-12-2022,472.9486
Quant Active Fund Gr,07-12-2022,470.4715
Quant Active Fund Gr,06-12-2022,472.0921
Quant Active Fund Gr,05-12-2022,472.888
Quant Active Fund Gr,02-12-2022,470.68
Quant Active Fund Gr,01-12-2022,470.3445
Quant Active Fund Gr,30-11-2022,466.4177
Quant Active Fund Gr,29-11-2022,465.3327
Quant Active Fund Gr,28-11-2022,465.952
Quant Active Fund Gr,25-11-2022,462.8711
Quant Active Fund Gr,24-11-2022,460.0905
Quant Active Fund Gr,23-11-2022,454.7714
Quant Active Fund Gr,22-11-2022,453.0092
Quant Active Fund Gr,21-11-2022,450.1365
Quant Active Fund Gr,18-11-2022,452.8002
Quant Active Fund Gr,17-11-2022,453.0714
Quant Active Fund Gr,16-11-2022,454.9058
Quant Active Fund Gr,15-11-2022,458.1527
Quant Active Fund Gr,14-11-2022,456.6813
Quant Active Fund Gr,11-11-2022,456.3384
Quant Active Fund Gr,10-11-2022,455.2592
Quant Active Fund Gr,09-11-2022,459.5895
Quant Active Fund Gr,07-11-2022,457.1751
Quant Active Fund Gr,04-11-2022,454.1409
Quant Active Fund Gr,03-11-2022,450.7465
Quant Active Fund Gr,02-11-2022,450.2956
Quant Active Fund Gr,01-11-2022,449.9758
Quant Active Fund Gr,31-10-2022,449.0175
Quant Active Fund Gr,28-10-2022,444.9485
Quant Active Fund Gr,27-10-2022,446.4745
Quant Active Fund Gr,25-10-2022,443.2338
Quant Active Fund Gr,21-10-2022,441.2413
Quant Active Fund Gr,20-10-2022,444.2642
Quant Active Fund Gr,19-10-2022,441.2333
Quant Active Fund Gr,18-10-2022,440.986
Quant Active Fund Gr,17-10-2022,436.6482
Quant Active Fund Gr,14-10-2022,432.3336
Quant Active Fund Gr,13-10-2022,431.0904
Quant Active Fund Gr,12-10-2022,435.079
Quant Active Fund Gr,11-10-2022,431.9516
Quant Active Fund Gr,10-10-2022,440.3616
Quant Active Fund Gr,07-10-2022,442.9235
Quant Active Fund Gr,06-10-2022,442.8327
Quant Active Fund Gr,04-10-2022,436.2376
Quant Active Fund Gr,03-10-2022,426.2409
Quant Active Fund Gr,30-09-2022,435.4204
Quant Active Fund Gr,29-09-2022,428.6589
Quant Active Fund Gr,28-09-2022,425.9595
Quant Active Fund Gr,27-09-2022,431.0305
Quant Active Fund Gr,26-09-2022,431.3278
Quant Active Fund Gr,23-09-2022,447.9779
Quant Active Fund Gr,22-09-2022,455.7871
Quant Active Fund Gr,21-09-2022,456.6483
Quant Active Fund Gr,20-09-2022,461.1044
Quant Active Fund Gr,19-09-2022,456.339
Quant Active Fund Gr,16-09-2022,450.0857
Quant Active Fund Gr,15-09-2022,461.7917
Quant Active Fund Gr,14-09-2022,458.666
Quant Active Fund Gr,13-09-2022,452.4197
Quant Active Fund Gr,12-09-2022,449.7435
Quant Active Fund Gr,09-09-2022,445.7497
Quant Active Fund Gr,08-09-2022,445.7158
Quant Active Fund Gr,07-09-2022,442.6242
Quant Active Fund Gr,06-09-2022,440.038
Quant Active Fund Gr,05-09-2022,438.7297
Quant Active Fund Gr,02-09-2022,434.6504
Quant Active Fund Gr,01-09-2022,432.1281
Quant Active Fund Gr,30-08-2022,432.5009
Quant Active Fund Gr,29-08-2022,425.5544
Quant Active Fund Gr,26-08-2022,427.4721
Quant Active Fund Gr,25-08-2022,424.1415
Quant Active Fund Gr,24-08-2022,426.4273
Quant Active Fund Gr,23-08-2022,422.9413
Quant Active Fund Gr,22-08-2022,419.3961
Quant Active Fund Gr,19-08-2022,425.6255
Quant Active Fund Gr,18-08-2022,426.4398
Quant Active Fund Gr,17-08-2022,425.0967
Quant Active Fund Gr,16-08-2022,423.6448
Quant Active Fund Gr,12-08-2022,420.5312
Quant Active Fund Gr,11-08-2022,418.5177
Quant Active Fund Gr,10-08-2022,416.9533
Quant Active Fund Gr,08-08-2022,419.2355
Quant Active Fund Gr,05-08-2022,414.525
Quant Active Fund Gr,04-08-2022,413.1156
Quant Active Fund Gr,03-08-2022,414.6988
Quant Active Fund Gr,02-08-2022,416.2977
Quant Active Fund Gr,01-08-2022,416.3724
Quant Active Fund Gr,29-07-2022,410.8752
Quant Active Fund Gr,28-07-2022,406.665
Quant Active Fund Gr,27-07-2022,405.3684
Quant Active Fund Gr,26-07-2022,401.6512
Quant Active Fund Gr,25-07-2022,404.1139
Quant Active Fund Gr,22-07-2022,404.846
Quant Active Fund Gr,21-07-2022,402.7675
Quant Active Fund Gr,20-07-2022,397.037
Quant Active Fund Gr,19-07-2022,395.1363
Quant Active Fund Gr,18-07-2022,393.6394
Quant Active Fund Gr,15-07-2022,387.2571
Quant Active Fund Gr,14-07-2022,385.6373
Quant Active Fund Gr,13-07-2022,386.3989
Quant Active Fund Gr,12-07-2022,387.135
Quant Active Fund Gr,11-07-2022,388.5625
Quant Active Fund Gr,08-07-2022,385.2343
Quant Active Fund Gr,07-07-2022,383.4928
Quant Active Fund Gr,06-07-2022,377.6455
Quant Active Fund Gr,05-07-2022,374.5004
Quant Active Fund Gr,04-07-2022,375.6628
Quant Active Fund Gr,01-07-2022,372.6963
Quant Active Fund Gr,30-06-2022,372.2802
Quant Active Fund Gr,29-06-2022,374.7966
Quant Active Fund Gr,28-06-2022,375.1982
Quant Active Fund Gr,27-06-2022,372.8533
Quant Active Fund Gr,24-06-2022,368.3041
Quant Active Fund Gr,23-06-2022,362.3185
Quant Active Fund Gr,22-06-2022,359.0479
Quant Active Fund Gr,21-06-2022,366.5313
Quant Active Fund Gr,20-06-2022,354.7239
Quant Active Fund Gr,17-06-2022,364.406
Quant Active Fund Gr,16-06-2022,367.2114
Quant Active Fund Gr,15-06-2022,378.8973
Quant Active Fund Gr,14-06-2022,379.2083
Quant Active Fund Gr,13-06-2022,378.4981
Quant Active Fund Gr,10-06-2022,392.0808
Quant Active Fund Gr,09-06-2022,394.8678
Quant Active Fund Gr,08-06-2022,393.0355
Quant Active Fund Gr,07-06-2022,393.4052
Quant Active Fund Gr,06-06-2022,396.2892
Quant Active Fund Gr,03-06-2022,396.0428
Quant Active Fund Gr,02-06-2022,400.0785
Quant Active Fund Gr,01-06-2022,396.9254
Quant Active Fund Gr,31-05-2022,396.1791
Quant Active Fund Gr,30-05-2022,396.1339
Quant Active Fund Gr,27-05-2022,389.4526
Quant Active Fund Gr,26-05-2022,387.9559
Quant Active Fund Gr,25-05-2022,383.4327
Quant Active Fund Gr,24-05-2022,391.3117
Quant Active Fund Gr,23-05-2022,395.3917
Quant Active Fund Gr,20-05-2022,401.2575
Quant Active Fund Gr,19-05-2022,387.8922
Quant Active Fund Gr,18-05-2022,396.3709
Quant Active Fund Gr,17-05-2022,394.7612
Quant Active Fund Gr,16-05-2022,380.7133
Quant Active Fund Gr,13-05-2022,375.7065
Quant Active Fund Gr,12-05-2022,375.9686
Quant Active Fund Gr,11-05-2022,383.3116
Quant Active Fund Gr,10-05-2022,391.6367
Quant Active Fund Gr,09-05-2022,401.5198
Quant Active Fund Gr,06-05-2022,408.8951
Quant Active Fund Gr,05-05-2022,413.3193
Quant Active Fund Gr,04-05-2022,411.389
Quant Active Fund Gr,02-05-2022,425.3833
Quant Active Fund Gr,29-04-2022,426.1999
Quant Active Fund Gr,28-04-2022,430.7438
Quant Active Fund Gr,27-04-2022,430.4459
Quant Active Fund Gr,26-04-2022,432.801
Quant Active Fund Gr,25-04-2022,424.4049
Quant Active Fund Gr,22-04-2022,434.3617
Quant Active Fund Gr,21-04-2022,439.6769
Quant Active Fund Gr,20-04-2022,432.7994
Quant Active Fund Gr,19-04-2022,432.786
Quant Active Fund Gr,18-04-2022,438.348
Quant Active Fund Gr,13-04-2022,442.7291
Quant Active Fund Gr,12-04-2022,441.7512
Quant Active Fund Gr,11-04-2022,448.6063
Quant Active Fund Gr,08-04-2022,446.4141
Quant Active Fund Gr,07-04-2022,438.6812
Quant Active Fund Gr,06-04-2022,442.4704
Quant Active Fund Gr,05-04-2022,440.145
Quant Active Fund Gr,04-04-2022,439.5755
Quant Active Fund Gr,01-04-2022,433.6629
Quant Active Fund Gr,31-03-2022,426.6344
Quant Active Fund Gr,30-03-2022,423.8589
Quant Active Fund Gr,29-03-2022,421.1543
Quant Active Fund Gr,28-03-2022,417.0388
Quant Active Fund Gr,25-03-2022,416.8981
Quant Active Fund Gr,24-03-2022,416.9754
Quant Active Fund Gr,23-03-2022,411.3505
Quant Active Fund Gr,22-03-2022,410.4933
Quant Active Fund Gr,21-03-2022,408.0846
Quant Active Fund Gr,17-03-2022,406.249
Quant Active Fund Gr,16-03-2022,400.4542
Quant Active Fund Gr,15-03-2022,393.5116
Quant Active Fund Gr,14-03-2022,396.5978
Quant Active Fund Gr,11-03-2022,395.735
Quant Active Fund Gr,10-03-2022,394.1399
Quant Active Fund Gr,09-03-2022,390.4001
Quant Active Fund Gr,08-03-2022,381.3427
Quant Active Fund Gr,07-03-2022,377.5451
Quant Active Fund Gr,04-03-2022,385.2676
Quant Active Fund Gr,03-03-2022,393.0178
Quant Active Fund Gr,02-03-2022,390.8973
Quant Active Fund Gr,28-02-2022,391.4625
Quant Active Fund Gr,25-02-2022,385.9967
Quant Active Fund Gr,24-02-2022,372.2561
Quant Active Fund Gr,23-02-2022,393.8168
Quant Active Fund Gr,22-02-2022,391.9184
Quant Active Fund Gr,21-02-2022,398.4255
Quant Active Fund Gr,18-02-2022,406.3437
Quant Active Fund Gr,17-02-2022,409.4148
Quant Active Fund Gr,16-02-2022,411.8206
Quant Active Fund Gr,15-02-2022,412.5381
Quant Active Fund Gr,14-02-2022,401.8845
Quant Active Fund Gr,11-02-2022,419.5163
Quant Active Fund Gr,10-02-2022,426.0843
Quant Active Fund Gr,09-02-2022,424.5122
Quant Active Fund Gr,08-02-2022,419.8725
Quant Active Fund Gr,07-02-2022,423.7273
Quant Active Fund Gr,04-02-2022,427.7644
Quant Active Fund Gr,03-02-2022,427.5728
Quant Active Fund Gr,02-02-2022,428.4422
Quant Active Fund Gr,01-02-2022,422.8097
Quant Active Fund Gr,31-01-2022,416.2018
Quant Active Fund Gr,28-01-2022,412.4476
Quant Active Fund Gr,27-01-2022,409.6557
Quant Active Fund Gr,25-01-2022,411.1879
Quant Active Fund Gr,24-01-2022,403.9729
Quant Active Fund Gr,21-01-2022,421.6725
Quant Active Fund Gr,20-01-2022,427.2569
Quant Active Fund Gr,19-01-2022,428.0654
Quant Active Fund Gr,18-01-2022,429.2541
Quant Active Fund Gr,17-01-2022,436.6717
Quant Active Fund Gr,14-01-2022,436.0684
Quant Active Fund Gr,13-01-2022,433.6514
Quant Active Fund Gr,12-01-2022,431.137
Quant Active Fund Gr,11-01-2022,426.9969
Quant Active Fund Gr,10-01-2022,428.2887
Quant Active Fund Gr,07-01-2022,422.3439
Quant Active Fund Gr,06-01-2022,420.8047
Quant Active Fund Gr,05-01-2022,421.7094
Quant Active Fund Gr,04-01-2022,420.9308
Quant Active Fund Gr,03-01-2022,420.9773
Quant Active Fund Gr,31-12-2021,415.2009
Quant Active Fund Gr,30-12-2021,411.2734
Quant Active Fund Gr,29-12-2021,413.5625
Quant Active Fund Gr,28-12-2021,414.5226
Quant Active Fund Gr,27-12-2021,409.0518
Quant Active Fund Gr,24-12-2021,408.5464
Quant Active Fund Gr,23-12-2021,410.9676
Quant Active Fund Gr,22-12-2021,407.0025
Quant Active Fund Gr,21-12-2021,400.7761
Quant Active Fund Gr,20-12-2021,394.3788
Quant Active Fund Gr,17-12-2021,406.8944
Quant Active Fund Gr,16-12-2021,419.4511
Quant Active Fund Gr,15-12-2021,421.2629
Quant Active Fund Gr,14-12-2021,425.0774
Quant Active Fund Gr,13-12-2021,427.2367
Quant Active Fund Gr,10-12-2021,427.0369
Quant Active Fund Gr,09-12-2021,423.8505
Quant Active Fund Gr,08-12-2021,419.7246
Quant Active Fund Gr,07-12-2021,414.6773
Quant Active Fund Gr,06-12-2021,407.6491
Quant Active Fund Gr,03-12-2021,415.1968
Quant Active Fund Gr,02-12-2021,417.1599
Quant Active Fund Gr,01-12-2021,415.0315
Quant Active Fund Gr,30-11-2021,408.1606
Quant Active Fund Gr,29-11-2021,409.9643
Quant Active Fund Gr,26-11-2021,415.2055
Quant Active Fund Gr,25-11-2021,427.2963
Quant Active Fund Gr,24-11-2021,420.9557
Quant Active Fund Gr,23-11-2021,421.5528
Quant Active Fund Gr,22-11-2021,412.5738
Quant Active Fund Gr,18-11-2021,421.2686
Quant Active Fund Gr,17-11-2021,425.3877
Quant Active Fund Gr,16-11-2021,425.867
Quant Active Fund Gr,15-11-2021,426.5662
Quant Active Fund Gr,12-11-2021,427.4882
Quant Active Fund Gr,11-11-2021,423.7061
Quant Active Fund Gr,10-11-2021,427.2801
Quant Active Fund Gr,09-11-2021,428.824
Quant Active Fund Gr,08-11-2021,424.0977
Quant Active Fund Gr,03-11-2021,416.4317
Quant Active Fund Gr,02-11-2021,416.9121
Quant Active Fund Gr,01-11-2021,412.3075
Quant Active Fund Gr,29-10-2021,405.5452
Quant Active Fund Gr,28-10-2021,405.9522
Quant Active Fund Gr,27-10-2021,419.1956
Quant Active Fund Gr,26-10-2021,419.4008
Quant Active Fund Gr,25-10-2021,411.1325
Quant Active Fund Gr,22-10-2021,416.4211
Quant Active Fund Gr,21-10-2021,421.3323
Quant Active Fund Gr,20-10-2021,422.6803
Quant Active Fund Gr,19-10-2021,428.6608
Quant Active Fund Gr,18-10-2021,437.3117
Quant Active Fund Gr,14-10-2021,431.6127
Quant Active Fund Gr,13-10-2021,424.3979
Quant Active Fund Gr,12-10-2021,419.7616
Quant Active Fund Gr,11-10-2021,416.8753
Quant Active Fund Gr,08-10-2021,412.7823
Quant Active Fund Gr,07-10-2021,411.7057
Quant Active Fund Gr,06-10-2021,407.2711
Quant Active Fund Gr,05-10-2021,413.934
Quant Active Fund Gr,04-10-2021,412.4177
Quant Active Fund Gr,01-10-2021,404.5385
Quant Active Fund Gr,30-09-2021,404.076
Quant Active Fund Gr,29-09-2021,404.5813
Quant Active Fund Gr,28-09-2021,403.4293
Quant Active Fund Gr,27-09-2021,406.352
Quant Active Fund Gr,24-09-2021,406.6033
Quant Active Fund Gr,23-09-2021,409.661
Quant Active Fund Gr,22-09-2021,403.1128
Quant Active Fund Gr,21-09-2021,397.9341
Quant Active Fund Gr,20-09-2021,393.4964
Quant Active Fund Gr,17-09-2021,401.8896
Quant Active Fund Gr,16-09-2021,407.8981
Quant Active Fund Gr,15-09-2021,404.4779
Quant Active Fund Gr,14-09-2021,402.656
Quant Active Fund Gr,13-09-2021,399.9032
Quant Active Fund Gr,09-09-2021,397.1275
Quant Active Fund Gr,08-09-2021,396.9296
Quant Active Fund Gr,07-09-2021,395.1806
Quant Active Fund Gr,06-09-2021,397.911
Quant Active Fund Gr,03-09-2021,394.6679
Quant Active Fund Gr,02-09-2021,389.3955
Quant Active Fund Gr,01-09-2021,386.7709
Quant Active Fund Gr,31-08-2021,386.1517
Quant Active Fund Gr,30-08-2021,384.8324
Quant Active Fund Gr,27-08-2021,379.7865
Quant Active Fund Gr,26-08-2021,375.9242
Quant Active Fund Gr,25-08-2021,378.0635
Quant Active Fund Gr,24-08-2021,373.771
Quant Active Fund Gr,23-08-2021,365.4186
Quant Active Fund Gr,20-08-2021,368.7107
Quant Active Fund Gr,18-08-2021,376.5211
Quant Active Fund Gr,17-08-2021,378.3913
Quant Active Fund Gr,16-08-2021,383.7121
Quant Active Fund Gr,13-08-2021,382.2826
Quant Active Fund Gr,12-08-2021,383.4117
Quant Active Fund Gr,11-08-2021,378.0203
Quant Active Fund Gr,10-08-2021,375.4476
Quant Active Fund Gr,09-08-2021,383.989
Quant Active Fund Gr,06-08-2021,388.6803
Quant Active Fund Gr,05-08-2021,389.3676
Quant Active Fund Gr,04-08-2021,390.7053
Quant Active Fund Gr,03-08-2021,393.052
Quant Active Fund Gr,02-08-2021,390.8818
Quant Active Fund Gr,30-07-2021,385.2861
Quant Active Fund Gr,29-07-2021,383.0764
Quant Active Fund Gr,28-07-2021,379.9181
Quant Active Fund Gr,27-07-2021,380.0107
Quant Active Fund Gr,26-07-2021,379.3912
Quant Active Fund Gr,23-07-2021,376.63
Quant Active Fund Gr,22-07-2021,374.7438
Quant Active Fund Gr,20-07-2021,369.691
Quant Active Fund Gr,19-07-2021,374.8042
Quant Active Fund Gr,16-07-2021,374.4988
Quant Active Fund Gr,15-07-2021,372.456
Quant Active Fund Gr,14-07-2021,371.3086
Quant Active Fund Gr,13-07-2021,369.3207
Quant Active Fund Gr,12-07-2021,367.8874
Quant Active Fund Gr,09-07-2021,365.7876
Quant Active Fund Gr,08-07-2021,363.779
Quant Active Fund Gr,07-07-2021,367.2077
Quant Active Fund Gr,06-07-2021,365.3512
Quant Active Fund Gr,05-07-2021,366.3791
Quant Active Fund Gr,02-07-2021,361.425
Quant Active Fund Gr,01-07-2021,359.4057
Quant Active Fund Gr,30-06-2021,359.1634
Quant Active Fund Gr,29-06-2021,358.9995
Quant Active Fund Gr,28-06-2021,360.1143
Quant Active Fund Gr,25-06-2021,360.4647
Quant Active Fund Gr,24-06-2021,355.3217
Quant Active Fund Gr,23-06-2021,356.4681
Quant Active Fund Gr,22-06-2021,356.5676
Quant Active Fund Gr,21-06-2021,355.3305
Quant Active Fund Gr,18-06-2021,352.523
Quant Active Fund Gr,17-06-2021,355.5853
Quant Active Fund Gr,16-06-2021,360.1638
Quant Active Fund Gr,15-06-2021,361.1063
Quant Active Fund Gr,14-06-2021,361.4112
Quant Active Fund Gr,11-06-2021,362.5209
Quant Active Fund Gr,10-06-2021,360.1352
Quant Active Fund Gr,09-06-2021,356.387
Quant Active Fund Gr,08-06-2021,360.426
Quant Active Fund Gr,07-06-2021,361.4721
Quant Active Fund Gr,04-06-2021,357.5439
Quant Active Fund Gr,03-06-2021,357.1514
Quant Active Fund Gr,02-06-2021,355.39
Quant Active Fund Gr,01-06-2021,354.5447
Quant Active Fund Gr,31-05-2021,356.6487
Quant Active Fund Gr,28-05-2021,353.7141
Quant Active Fund Gr,27-05-2021,352.6632
Quant Active Fund Gr,26-05-2021,351.2468
Quant Active Fund Gr,25-05-2021,351.0048
Quant Active Fund Gr,24-05-2021,351.4714
Quant Active Fund Gr,21-05-2021,350.1999
Quant Active Fund Gr,20-05-2021,348.3876
Quant Active Fund Gr,19-05-2021,349.0781
Quant Active Fund Gr,18-05-2021,349.3207
Quant Active Fund Gr,17-05-2021,346.5588
Quant Active Fund Gr,14-05-2021,343.6998
Quant Active Fund Gr,12-05-2021,348.4169
Quant Active Fund Gr,11-05-2021,353.0744
Quant Active Fund Gr,10-05-2021,351.4281
Quant Active Fund Gr,07-05-2021,345.3118
Quant Active Fund Gr,06-05-2021,339.7011
Quant Active Fund Gr,05-05-2021,336.1454
Quant Active Fund Gr,04-05-2021,331.009
Quant Active Fund Gr,03-05-2021,332.0953
Quant Active Fund Gr,30-04-2021,327.1001
Quant Active Fund Gr,29-04-2021,327.0622
Quant Active Fund Gr,28-04-2021,326.7439
Quant Active Fund Gr,27-04-2021,322.3181
Quant Active Fund Gr,26-04-2021,317.3442
Quant Active Fund Gr,23-04-2021,315.2187
Quant Active Fund Gr,22-04-2021,315.7656
Quant Active Fund Gr,20-04-2021,313.1154
Quant Active Fund Gr,19-04-2021,311.73
Quant Active Fund Gr,16-04-2021,317.0113
Quant Active Fund Gr,15-04-2021,312.6782
Quant Active Fund Gr,13-04-2021,312.8047
Quant Active Fund Gr,12-04-2021,309.9407
Quant Active Fund Gr,09-04-2021,320.3335
Quant Active Fund Gr,08-04-2021,318.2094
Quant Active Fund Gr,07-04-2021,313.3478
Quant Active Fund Gr,06-04-2021,310.1315
Quant Active Fund Gr,05-04-2021,308.0105
Quant Active Fund Gr,01-04-2021,306.6322
Quant Active Fund Gr,31-03-2021,300.8904
Quant Active Fund Gr,30-03-2021,300.3626
Quant Active Fund Gr,26-03-2021,295.6177
Quant Active Fund Gr,25-03-2021,292.9885
Quant Active Fund Gr,24-03-2021,298.8527
Quant Active Fund Gr,23-03-2021,303.7109
Quant Active Fund Gr,22-03-2021,302.223
Quant Active Fund Gr,19-03-2021,298.5362
Quant Active Fund Gr,18-03-2021,292.9341
Quant Active Fund Gr,17-03-2021,295.4107
Quant Active Fund Gr,16-03-2021,299.277
Quant Active Fund Gr,15-03-2021,297.3955
Quant Active Fund Gr,12-03-2021,295.8787
Quant Active Fund Gr,10-03-2021,294.7614
Quant Active Fund Gr,09-03-2021,293.2761
Quant Active Fund Gr,08-03-2021,293.8658
Quant Active Fund Gr,05-03-2021,292.4102
Quant Active Fund Gr,04-03-2021,297.1538
Quant Active Fund Gr,03-03-2021,297.2237
Quant Active Fund Gr,02-03-2021,295.386
Quant Active Fund Gr,01-03-2021,290.4192
Quant Active Fund Gr,26-02-2021,285.1341
Quant Active Fund Gr,25-02-2021,288.7007
Quant Active Fund Gr,24-02-2021,283.9634
Quant Active Fund Gr,23-02-2021,282.6089
Quant Active Fund Gr,22-02-2021,280.6254
Quant Active Fund Gr,19-02-2021,285.9386
Quant Active Fund Gr,18-02-2021,287.2961
Quant Active Fund Gr,17-02-2021,285.5862
Quant Active Fund Gr,16-02-2021,284.0923
Quant Active Fund Gr,15-02-2021,282.9108
Quant Active Fund Gr,12-02-2021,282.7578
Quant Active Fund Gr,11-02-2021,283.6795
Quant Active Fund Gr,10-02-2021,283.0587
Quant Active Fund Gr,09-02-2021,282.0833
Quant Active Fund Gr,08-02-2021,280.864
Quant Active Fund Gr,05-02-2021,277.883
Quant Active Fund Gr,04-02-2021,279.6096
Quant Active Fund Gr,03-02-2021,278.6469
Quant Active Fund Gr,02-02-2021,273.5917
Quant Active Fund Gr,01-02-2021,269.4364
Quant Active Fund Gr,29-01-2021,264.4555
Quant Active Fund Gr,28-01-2021,266.1315
Quant Active Fund Gr,27-01-2021,264.9153
Quant Active Fund Gr,25-01-2021,271.1068
Quant Active Fund Gr,22-01-2021,273.2304
Quant Active Fund Gr,21-01-2021,277.0279
Quant Active Fund Gr,20-01-2021,281.3252
Quant Active Fund Gr,19-01-2021,280.7569
Quant Active Fund Gr,18-01-2021,278
Quant Active Fund Gr,15-01-2021,284.0095
Quant Active Fund Gr,14-01-2021,283.2793
Quant Active Fund Gr,13-01-2021,280.3811
Quant Active Fund Gr,12-01-2021,280.1343
Quant Active Fund Gr,11-01-2021,279.9335
Quant Active Fund Gr,08-01-2021,279.8794
Quant Active Fund Gr,07-01-2021,275.1063
Quant Active Fund Gr,06-01-2021,274.0424
Quant Active Fund Gr,05-01-2021,273.0884
Quant Active Fund Gr,04-01-2021,271.6177
Quant Active Fund Gr,01-01-2021,268.7654
Quant Active Fund Gr,31-12-2020,266.7639
Quant Active Fund Gr,30-12-2020,266.9707
Quant Active Fund Gr,29-12-2020,266.9523
Quant Active Fund Gr,28-12-2020,266.6917
Quant Active Fund Gr,24-12-2020,261.8348
Quant Active Fund Gr,23-12-2020,259.3963
Quant Active Fund Gr,22-12-2020,254.541
Quant Active Fund Gr,21-12-2020,249.4803
Quant Active Fund Gr,18-12-2020,260.2399
Quant Active Fund Gr,17-12-2020,257.9854
Quant Active Fund Gr,16-12-2020,257.4573
Quant Active Fund Gr,15-12-2020,255.9683
Quant Active Fund Gr,14-12-2020,256.0395
Quant Active Fund Gr,11-12-2020,255.3039
Quant Active Fund Gr,10-12-2020,255.3449
Quant Active Fund Gr,09-12-2020,255.7038
Quant Active Fund Gr,08-12-2020,255.5293
Quant Active Fund Gr,07-12-2020,255.3987
Quant Active Fund Gr,04-12-2020,249.7704
Quant Active Fund Gr,03-12-2020,248.2805
Quant Active Fund Gr,02-12-2020,246.5428
Quant Active Fund Gr,01-12-2020,243.9554
Quant Active Fund Gr,27-11-2020,239.6826
Quant Active Fund Gr,26-11-2020,238.1662
Quant Active Fund Gr,25-11-2020,236.4747
Quant Active Fund Gr,24-11-2020,238.3562
Quant Active Fund Gr,23-11-2020,235.8184
Quant Active Fund Gr,20-11-2020,233.9565
Quant Active Fund Gr,19-11-2020,233.1739
Quant Active Fund Gr,18-11-2020,234.465
Quant Active Fund Gr,17-11-2020,233.717
Quant Active Fund Gr,13-11-2020,231.2546
Quant Active Fund Gr,12-11-2020,230.5141
Quant Active Fund Gr,11-11-2020,228.6595
Quant Active Fund Gr,10-11-2020,226.5526
Quant Active Fund Gr,09-11-2020,229.6997
Quant Active Fund Gr,06-11-2020,228.3312
Quant Active Fund Gr,05-11-2020,228.6516
Quant Active Fund Gr,04-11-2020,225.3305
Quant Active Fund Gr,03-11-2020,224.7543
Quant Active Fund Gr,02-11-2020,224.6487
Quant Active Fund Gr,30-10-2020,224.7245
Quant Active Fund Gr,29-10-2020,224.446
Quant Active Fund Gr,28-10-2020,224.7307
Quant Active Fund Gr,27-10-2020,224.803
Quant Active Fund Gr,26-10-2020,224.7117
Quant Active Fund Gr,23-10-2020,225.2746
Quant Active Fund Gr,22-10-2020,222.733
Quant Active Fund Gr,21-10-2020,222.3191
Quant Active Fund Gr,20-10-2020,222.3744
Quant Active Fund Gr,19-10-2020,221.1567
Quant Active Fund Gr,16-10-2020,219.1125
Quant Active Fund Gr,15-10-2020,218.0889
Quant Active Fund Gr,14-10-2020,223.3118
Quant Active Fund Gr,13-10-2020,224.395
Quant Active Fund Gr,12-10-2020,224.4114
Quant Active Fund Gr,09-10-2020,225.7289
Quant Active Fund Gr,08-10-2020,226.7612
Quant Active Fund Gr,07-10-2020,225.6719
Quant Active Fund Gr,06-10-2020,226.5881
Quant Active Fund Gr,05-10-2020,224.9231
Quant Active Fund Gr,01-10-2020,224.3899
Quant Active Fund Gr,30-09-2020,222.9988
Quant Active Fund Gr,29-09-2020,223.0837
Quant Active Fund Gr,28-09-2020,223.9133
Quant Active Fund Gr,25-09-2020,219.0889
Quant Active Fund Gr,24-09-2020,213.7726
Quant Active Fund Gr,23-09-2020,218.8701
Quant Active Fund Gr,22-09-2020,218.684
Quant Active Fund Gr,21-09-2020,220.8832
Quant Active Fund Gr,18-09-2020,230.4466
Quant Active Fund Gr,17-09-2020,228.66
Quant Active Fund Gr,16-09-2020,227.795
Quant Active Fund Gr,15-09-2020,224.0264
Quant Active Fund Gr,14-09-2020,222.0628
Quant Active Fund Gr,11-09-2020,219.3019
Quant Active Fund Gr,10-09-2020,215.8125
Quant Active Fund Gr,09-09-2020,211.9275
Quant Active Fund Gr,08-09-2020,214.4268
Quant Active Fund Gr,07-09-2020,216.5634
Quant Active Fund Gr,04-09-2020,216.3076
Quant Active Fund Gr,03-09-2020,220.3677
Quant Active Fund Gr,02-09-2020,220.4013
Quant Active Fund Gr,01-09-2020,215.333
Quant Active Fund Gr,31-08-2020,213.7874
Quant Active Fund Gr,28-08-2020,222.7137
Quant Active Fund Gr,27-08-2020,223.6997
Quant Active Fund Gr,26-08-2020,224.1495
Quant Active Fund Gr,25-08-2020,224.3561
Quant Active Fund Gr,24-08-2020,224.3269
Quant Active Fund Gr,21-08-2020,220.6265
Quant Active Fund Gr,20-08-2020,217.5654
Quant Active Fund Gr,19-08-2020,216.8832
Quant Active Fund Gr,18-08-2020,215.6029
Quant Active Fund Gr,17-08-2020,214.6123
Quant Active Fund Gr,14-08-2020,213.1982
Quant Active Fund Gr,13-08-2020,214.8887
Quant Active Fund Gr,12-08-2020,215.5517
Quant Active Fund Gr,11-08-2020,216.5475
Quant Active Fund Gr,10-08-2020,217.4472
Quant Active Fund Gr,07-08-2020,211.7879
Quant Active Fund Gr,06-08-2020,210.514
Quant Active Fund Gr,05-08-2020,209.7241
Quant Active Fund Gr,04-08-2020,207.8
Quant Active Fund Gr,03-08-2020,207.8532
Quant Active Fund Gr,31-07-2020,205.3151
Quant Active Fund Gr,30-07-2020,199.567
Quant Active Fund Gr,29-07-2020,199.6129
Quant Active Fund Gr,28-07-2020,197.3851
Quant Active Fund Gr,27-07-2020,196.4982
Quant Active Fund Gr,24-07-2020,195.9874
Quant Active Fund Gr,23-07-2020,195.1115
Quant Active Fund Gr,22-07-2020,192.567
Quant Active Fund Gr,21-07-2020,192.918
Quant Active Fund Gr,20-07-2020,193.2298
Quant Active Fund Gr,17-07-2020,192.4213
Quant Active Fund Gr,16-07-2020,190.358
Quant Active Fund Gr,15-07-2020,189.0672
Quant Active Fund Gr,14-07-2020,190.0987
Quant Active Fund Gr,13-07-2020,191.1319
Quant Active Fund Gr,10-07-2020,188.1756
Quant Active Fund Gr,09-07-2020,187.2188
Quant Active Fund Gr,08-07-2020,186.1101
Quant Active Fund Gr,07-07-2020,185.9296
Quant Active Fund Gr,06-07-2020,186.4097
Quant Active Fund Gr,03-07-2020,185.1447
Quant Active Fund Gr,02-07-2020,183.6342
Quant Active Fund Gr,01-07-2020,183.3281
Quant Active Fund Gr,30-06-2020,182.2576
Quant Active Fund Gr,29-06-2020,182.9008
Quant Active Fund Gr,26-06-2020,184.4335
Quant Active Fund Gr,25-06-2020,185.9374
Quant Active Fund Gr,24-06-2020,182.8073
Quant Active Fund Gr,23-06-2020,187.4722
Quant Active Fund Gr,22-06-2020,185.6797
Quant Active Fund Gr,19-06-2020,180.2459
Quant Active Fund Gr,18-06-2020,179.7788
Quant Active Fund Gr,17-06-2020,178.5103
Quant Active Fund Gr,16-06-2020,175.7894
Quant Active Fund Gr,15-06-2020,174.333
Quant Active Fund Gr,12-06-2020,172.4701
Quant Active Fund Gr,11-06-2020,171.9108
Quant Active Fund Gr,10-06-2020,173.4024
Quant Active Fund Gr,09-06-2020,171.1115
Quant Active Fund Gr,08-06-2020,172.4299
Quant Active Fund Gr,05-06-2020,173.3654
Quant Active Fund Gr,04-06-2020,171.2223
Quant Active Fund Gr,03-06-2020,170.1785
Quant Active Fund Gr,02-06-2020,169.9683
Quant Active Fund Gr,01-06-2020,168.6933
Quant Active Fund Gr,29-05-2020,165.9327
Quant Active Fund Gr,28-05-2020,164.3502
Quant Active Fund Gr,27-05-2020,164.61
Quant Active Fund Gr,26-05-2020,163.075
Quant Active Fund Gr,22-05-2020,163.1558
Quant Active Fund Gr,21-05-2020,163.3513
Quant Active Fund Gr,20-05-2020,160.7907
Quant Active Fund Gr,19-05-2020,159.3899
Quant Active Fund Gr,18-05-2020,157.7978
Quant Active Fund Gr,15-05-2020,160.1934
Quant Active Fund Gr,14-05-2020,160.2912
Quant Active Fund Gr,13-05-2020,159.7067
Quant Active Fund Gr,12-05-2020,159.6607
Quant Active Fund Gr,11-05-2020,160.5837
Quant Active Fund Gr,08-05-2020,160.5745
Quant Active Fund Gr,07-05-2020,159.9022
Quant Active Fund Gr,06-05-2020,159.9011
Quant Active Fund Gr,05-05-2020,158.8565
Quant Active Fund Gr,04-05-2020,159.4592
Quant Active Fund Gr,30-04-2020,161.1409
Quant Active Fund Gr,29-04-2020,159.9404
Quant Active Fund Gr,28-04-2020,157.4754
Quant Active Fund Gr,27-04-2020,157.5136
Quant Active Fund Gr,24-04-2020,153.8874
Quant Active Fund Gr,23-04-2020,156.2677
Quant Active Fund Gr,22-04-2020,155.3289
Quant Active Fund Gr,21-04-2020,153.2085
Quant Active Fund Gr,20-04-2020,155.8118
Quant Active Fund Gr,17-04-2020,157.8083
Quant Active Fund Gr,16-04-2020,156.5146
Quant Active Fund Gr,15-04-2020,155.1071
Quant Active Fund Gr,13-04-2020,155.0241
Quant Active Fund Gr,09-04-2020,154.6218
Quant Active Fund Gr,08-04-2020,150.4018
Quant Active Fund Gr,07-04-2020,146.0061
Quant Active Fund Gr,03-04-2020,134.8635
Quant Active Fund Gr,01-04-2020,135.2575
Quant Active Fund Gr,31-03-2020,137.9742
Quant Active Fund Gr,30-03-2020,132.3671
Quant Active Fund Gr,27-03-2020,133.6611
Quant Active Fund Gr,26-03-2020,133.9914
Quant Active Fund Gr,25-03-2020,128.2753
Quant Active Fund Gr,24-03-2020,125.2688
Quant Active Fund Gr,23-03-2020,124.2583
Quant Active Fund Gr,20-03-2020,138.3564
Quant Active Fund Gr,19-03-2020,129.857
Quant Active Fund Gr,18-03-2020,133.6353
Quant Active Fund Gr,17-03-2020,141.6386
Quant Active Fund Gr,16-03-2020,144.6167
Quant Active Fund Gr,13-03-2020,155.5383
Quant Active Fund Gr,12-03-2020,152.2664
Quant Active Fund Gr,11-03-2020,166.156
Quant Active Fund Gr,09-03-2020,166.439
Quant Active Fund Gr,06-03-2020,175.6191
Quant Active Fund Gr,05-03-2020,180.2316
Quant Active Fund Gr,04-03-2020,178.5825
Quant Active Fund Gr,03-03-2020,179.5063
Quant Active Fund Gr,02-03-2020,175.1242
Quant Active Fund Gr,28-02-2020,175.1229
Quant Active Fund Gr,27-02-2020,182.5336
Quant Active Fund Gr,26-02-2020,183.7762
Quant Active Fund Gr,25-02-2020,186.2413
Quant Active Fund Gr,24-02-2020,187.151
Quant Active Fund Gr,20-02-2020,191.4804
Quant Active Fund Gr,19-02-2020,190.6162
Quant Active Fund Gr,18-02-2020,185.8979
Quant Active Fund Gr,17-02-2020,185.7832
Quant Active Fund Gr,14-02-2020,188.6959
Quant Active Fund Gr,13-02-2020,190.1336
Quant Active Fund Gr,12-02-2020,190.3507
Quant Active Fund Gr,11-02-2020,188.9312
Quant Active Fund Gr,10-02-2020,187.6062
Quant Active Fund Gr,07-02-2020,189.1849
Quant Active Fund Gr,06-02-2020,187.811
Quant Active Fund Gr,05-02-2020,186.4887
Quant Active Fund Gr,04-02-2020,184.7199
Quant Active Fund Gr,03-02-2020,181.1929
Quant Active Fund Gr,31-01-2020,188.1163
Quant Active Fund Gr,30-01-2020,189.4044
Quant Active Fund Gr,29-01-2020,192.0917
Quant Active Fund Gr,28-01-2020,191.5764
Quant Active Fund Gr,27-01-2020,192.9998
Quant Active Fund Gr,24-01-2020,193.5683
Quant Active Fund Gr,23-01-2020,191.4278
Quant Active Fund Gr,22-01-2020,189.1987
Quant Active Fund Gr,21-01-2020,188.6959
Quant Active Fund Gr,20-01-2020,189.1692
Quant Active Fund Gr,17-01-2020,189.9419
Quant Active Fund Gr,16-01-2020,189.8235
Quant Active Fund Gr,15-01-2020,189.7457
Quant Active Fund Gr,14-01-2020,189.8458
Quant Active Fund Gr,13-01-2020,189.59
Quant Active Fund Gr,10-01-2020,187.9649
Quant Active Fund Gr,09-01-2020,186.9347
Quant Active Fund Gr,08-01-2020,184.0902
Quant Active Fund Gr,07-01-2020,184.5715
Quant Active Fund Gr,06-01-2020,183.0497
Quant Active Fund Gr,03-01-2020,187.2149
Quant Active Fund Gr,02-01-2020,187.5911
Quant Active Fund Gr,01-01-2020,185.5863
Quant Active Fund Gr,31-12-2019,185.8283
Quant Active Fund Gr,30-12-2019,186.2726
Quant Active Fund Gr,27-12-2019,186.6462
Quant Active Fund Gr,26-12-2019,184.9426
Quant Active Fund Gr,24-12-2019,185.2459
Quant Active Fund Gr,23-12-2019,185.9066
Quant Active Fund Gr,20-12-2019,186.2408
Quant Active Fund Gr,19-12-2019,185.7646
Quant Active Fund Gr,18-12-2019,185.0249
Quant Active Fund Gr,17-12-2019,184.7017
Quant Active Fund Gr,16-12-2019,184.3736
Quant Active Fund Gr,13-12-2019,185.9364
Quant Active Fund Gr,12-12-2019,184.4227
Quant Active Fund Gr,11-12-2019,183.252
Quant Active Fund Gr,10-12-2019,183.1635
Quant Active Fund Gr,09-12-2019,186.0208
Quant Active Fund Gr,06-12-2019,187.1854
Quant Active Fund Gr,05-12-2019,189.0768
Quant Active Fund Gr,04-12-2019,190.1613
Quant Active Fund Gr,03-12-2019,190.828
Quant Active Fund Gr,02-12-2019,191.3068
Quant Active Fund Gr,29-11-2019,191.7823
Quant Active Fund Gr,28-11-2019,192.7814
Quant Active Fund Gr,27-11-2019,191.7907
Quant Active Fund Gr,26-11-2019,190.9963
Quant Active Fund Gr,25-11-2019,192.6503
Quant Active Fund Gr,22-11-2019,191.8648
Quant Active Fund Gr,21-11-2019,193.5376
Quant Active Fund Gr,20-11-2019,192.5762
Quant Active Fund Gr,19-11-2019,191.738
Quant Active Fund Gr,18-11-2019,190.992
Quant Active Fund Gr,15-11-2019,192.0974
Quant Active Fund Gr,14-11-2019,192.8314
Quant Active Fund Gr,13-11-2019,193.261
Quant Active Fund Gr,11-11-2019,191.9059
Quant Active Fund Gr,08-11-2019,190.3884
Quant Active Fund Gr,07-11-2019,191.6573
Quant Active Fund Gr,06-11-2019,192.4167
Quant Active Fund Gr,05-11-2019,190.793
Quant Active Fund Gr,04-11-2019,192.9435
Quant Active Fund Gr,01-11-2019,193.2364
Quant Active Fund Gr,31-10-2019,194.8943
Quant Active Fund Gr,30-10-2019,194.8894
Quant Active Fund Gr,29-10-2019,191.6044
Quant Active Fund Gr,25-10-2019,187.9724
Quant Active Fund Gr,24-10-2019,186.1045
Quant Active Fund Gr,23-10-2019,187.4873
Quant Active Fund Gr,22-10-2019,186.063
Quant Active Fund Gr,18-10-2019,184.0682
Quant Active Fund Gr,17-10-2019,181.2495
Quant Active Fund Gr,16-10-2019,178.7587
Quant Active Fund Gr,15-10-2019,175.4392
Quant Active Fund Gr,14-10-2019,174.045
Quant Active Fund Gr,11-10-2019,172.6048
Quant Active Fund Gr,10-10-2019,172.0018
Quant Active Fund Gr,09-10-2019,174.0035
Quant Active Fund Gr,07-10-2019,172.3251
Quant Active Fund Gr,04-10-2019,173.7208
Quant Active Fund Gr,03-10-2019,176.6762
Quant Active Fund Gr,01-10-2019,176.7051
Quant Active Fund Gr,30-09-2019,176.9052
Quant Active Fund Gr,27-09-2019,177.8227
Quant Active Fund Gr,26-09-2019,177.6167
Quant Active Fund Gr,25-09-2019,175.2946
Quant Active Fund Gr,24-09-2019,177.8148
Quant Active Fund Gr,23-09-2019,178.8139
Quant Active Fund Gr,20-09-2019,174.8857
Quant Active Fund Gr,19-09-2019,165.3622
Quant Active Fund Gr,18-09-2019,167.2632
Quant Active Fund Gr,17-09-2019,165.5552
Quant Active Fund Gr,16-09-2019,169.6932
Quant Active Fund Gr,13-09-2019,171.3592
Quant Active Fund Gr,12-09-2019,170.6834
Quant Active Fund Gr,11-09-2019,171.3374
Quant Active Fund Gr,09-09-2019,170.7594
Quant Active Fund Gr,06-09-2019,169.5678
Quant Active Fund Gr,05-09-2019,167.2972
Quant Active Fund Gr,04-09-2019,167.5716
Quant Active Fund Gr,03-09-2019,167.2577
Quant Active Fund Gr,30-08-2019,170.4405
Quant Active Fund Gr,29-08-2019,169.042
Quant Active Fund Gr,28-08-2019,170.8669
Quant Active Fund Gr,27-08-2019,170.7237
Quant Active Fund Gr,26-08-2019,167.6774
Quant Active Fund Gr,23-08-2019,163.5216
Quant Active Fund Gr,22-08-2019,162.9895
Quant Active Fund Gr,21-08-2019,165.6782
Quant Active Fund Gr,20-08-2019,169.097
Quant Active Fund Gr,19-08-2019,171.2623
Quant Active Fund Gr,16-08-2019,171.7806
Quant Active Fund Gr,14-08-2019,170.1201
Quant Active Fund Gr,13-08-2019,167.3811
Quant Active Fund Gr,09-08-2019,171.6874
Quant Active Fund Gr,08-08-2019,170.0942
Quant Active Fund Gr,07-08-2019,168.2852
Quant Active Fund Gr,06-08-2019,170.7068
Quant Active Fund Gr,05-08-2019,168.0607
Quant Active Fund Gr,02-08-2019,170.5876
Quant Active Fund Gr,01-08-2019,170.1559
Quant Active Fund Gr,31-07-2019,173.4209
Quant Active Fund Gr,30-07-2019,171.6973
Quant Active Fund Gr,29-07-2019,174.7833
Quant Active Fund Gr,26-07-2019,178.2724
Quant Active Fund Gr,25-07-2019,177.3253
Quant Active Fund Gr,24-07-2019,176.5809
Quant Active Fund Gr,23-07-2019,179.0266
Quant Active Fund Gr,22-07-2019,179.8519
Quant Active Fund Gr,19-07-2019,180.3844
Quant Active Fund Gr,18-07-2019,183.2364
Quant Active Fund Gr,17-07-2019,185.5142
Quant Active Fund Gr,16-07-2019,184.8477
Quant Active Fund Gr,15-07-2019,184.6251
Quant Active Fund Gr,12-07-2019,184.5683
Quant Active Fund Gr,11-07-2019,183.4576
Quant Active Fund Gr,10-07-2019,180.5929
Quant Active Fund Gr,09-07-2019,182.6783
Quant Active Fund Gr,08-07-2019,181.0041
Quant Active Fund Gr,05-07-2019,186.4998
Quant Active Fund Gr,04-07-2019,188.6398
Quant Active Fund Gr,03-07-2019,187.4397
Quant Active Fund Gr,02-07-2019,186.4436
Quant Active Fund Gr,01-07-2019,185.9327
Quant Active Fund Gr,28-06-2019,185.3163
Quant Active Fund Gr,27-06-2019,184.2701
Quant Active Fund Gr,26-06-2019,183.8267
Quant Active Fund Gr,25-06-2019,182.0233
Quant Active Fund Gr,24-06-2019,181.5477
Quant Active Fund Gr,21-06-2019,181.8231
Quant Active Fund Gr,20-06-2019,182.1284
Quant Active Fund Gr,19-06-2019,179.6819
Quant Active Fund Gr,18-06-2019,180.6364
Quant Active Fund Gr,17-06-2019,180.1579
Quant Active Fund Gr,14-06-2019,182.4792
Quant Active Fund Gr,13-06-2019,183.7583
Quant Active Fund Gr,12-06-2019,184.1438
Quant Active Fund Gr,11-06-2019,185.7021
Quant Active Fund Gr,10-06-2019,185.2833
Quant Active Fund Gr,07-06-2019,184.621
Quant Active Fund Gr,06-06-2019,184.454
Quant Active Fund Gr,04-06-2019,187.8848
Quant Active Fund Gr,03-06-2019,189.3384
Quant Active Fund Gr,31-05-2019,187.5936
Quant Active Fund Gr,30-05-2019,187.9006
Quant Active Fund Gr,29-05-2019,187.1368
Quant Active Fund Gr,28-05-2019,189.4261
Quant Active Fund Gr,27-05-2019,189.8915
Quant Active Fund Gr,24-05-2019,185.2516
Quant Active Fund Gr,23-05-2019,179.9164
Quant Active Fund Gr,22-05-2019,179.6736
Quant Active Fund Gr,21-05-2019,178.7671
Quant Active Fund Gr,20-05-2019,180.1419
Quant Active Fund Gr,17-05-2019,173.5509
Quant Active Fund Gr,16-05-2019,172.9301
Quant Active Fund Gr,15-05-2019,171.9748
Quant Active Fund Gr,14-05-2019,173.3152
Quant Active Fund Gr,13-05-2019,171.632
Quant Active Fund Gr,10-05-2019,175.436
Quant Active Fund Gr,09-05-2019,175.3756
Quant Active Fund Gr,08-05-2019,176.6304
Quant Active Fund Gr,07-05-2019,178.5036
Quant Active Fund Gr,06-05-2019,180.3936
Quant Active Fund Gr,03-05-2019,182.2297
Quant Active Fund Gr,02-05-2019,181.9143
Quant Active Fund Gr,30-04-2019,182.243
Quant Active Fund Gr,26-04-2019,183.6331
Quant Active Fund Gr,25-04-2019,182.1831
Quant Active Fund Gr,24-04-2019,183.4116
Quant Active Fund Gr,23-04-2019,181.9584
Quant Active Fund Gr,22-04-2019,181.2614
Quant Active Fund Gr,18-04-2019,184.5485
Quant Active Fund Gr,16-04-2019,185.6075
Quant Active Fund Gr,15-04-2019,185.0561
Quant Active Fund Gr,12-04-2019,185.0482
Quant Active Fund Gr,11-04-2019,183.4678
Quant Active Fund Gr,10-04-2019,182.4022
Quant Active Fund Gr,09-04-2019,183.2872
Quant Active Fund Gr,08-04-2019,182.6638
Quant Active Fund Gr,05-04-2019,182.0547
Quant Active Fund Gr,04-04-2019,181.1686
Quant Active Fund Gr,03-04-2019,182.4745
Quant Active Fund Gr,02-04-2019,183.8212
Quant Active Fund Gr,01-04-2019,184.5428
Quant Active Fund Gr,31-03-2019,183.7462
Quant Active Fund Gr,29-03-2019,183.7683
Quant Active Fund Gr,28-03-2019,181.616
Quant Active Fund Gr,27-03-2019,179.9847
Quant Active Fund Gr,26-03-2019,179.4144
Quant Active Fund Gr,25-03-2019,177.2427
Quant Active Fund Gr,22-03-2019,179.4631
Quant Active Fund Gr,20-03-2019,180.7152
Quant Active Fund Gr,19-03-2019,181.1448
Quant Active Fund Gr,18-03-2019,179.8579
Quant Active Fund Gr,15-03-2019,179.6278
Quant Active Fund Gr,14-03-2019,179.098
Quant Active Fund Gr,13-03-2019,179.0405
Quant Active Fund Gr,12-03-2019,179.8386
Quant Active Fund Gr,11-03-2019,178.0827
Quant Active Fund Gr,08-03-2019,175.0211
Quant Active Fund Gr,07-03-2019,175.2824
Quant Active Fund Gr,06-03-2019,175.1356
Quant Active Fund Gr,05-03-2019,173.9454
Quant Active Fund Gr,01-03-2019,170.7099
Quant Active Fund Gr,28-02-2019,168.8831
Quant Active Fund Gr,27-02-2019,168.2573
Quant Active Fund Gr,26-02-2019,167.585
Quant Active Fund Gr,25-02-2019,168.28
Quant Active Fund Gr,22-02-2019,167.6778
Quant Active Fund Gr,21-02-2019,167.1961
Quant Active Fund Gr,20-02-2019,166.1329
Quant Active Fund Gr,19-02-2019,164.895
Quant Active Fund Gr,18-02-2019,164.1053
Quant Active Fund Gr,15-02-2019,165.2388
Quant Active Fund Gr,14-02-2019,166.9622
Quant Active Fund Gr,13-02-2019,166.4927
Quant Active Fund Gr,12-02-2019,168.5145
Quant Active Fund Gr,11-02-2019,169.152
Quant Active Fund Gr,08-02-2019,171.5523
Quant Active Fund Gr,07-02-2019,173.9643
Quant Active Fund Gr,06-02-2019,172.7283
Quant Active Fund Gr,05-02-2019,171.3545
Quant Active Fund Gr,04-02-2019,172.4602
Quant Active Fund Gr,01-02-2019,173.7729
Quant Active Fund Gr,31-01-2019,174.7303
Quant Active Fund Gr,30-01-2019,173.258
Quant Active Fund Gr,29-01-2019,171.0762
Quant Active Fund Gr,28-01-2019,169.4688
Quant Active Fund Gr,25-01-2019,172.8335
Quant Active Fund Gr,24-01-2019,174.6452
Quant Active Fund Gr,23-01-2019,174.5433
Quant Active Fund Gr,22-01-2019,176.2037
Quant Active Fund Gr,21-01-2019,176.0536
Quant Active Fund Gr,18-01-2019,177.2786
Quant Active Fund Gr,17-01-2019,179.442
Quant Active Fund Gr,16-01-2019,180.6476
Quant Active Fund Gr,15-01-2019,180.7718
Quant Active Fund Gr,14-01-2019,180.3954
Quant Active Fund Gr,11-01-2019,181.4391
Quant Active Fund Gr,10-01-2019,181.8753
Quant Active Fund Gr,09-01-2019,181.8109
Quant Active Fund Gr,08-01-2019,181.0697
Quant Active Fund Gr,07-01-2019,178.7176
Quant Active Fund Gr,04-01-2019,178.651
Quant Active Fund Gr,03-01-2019,176.662
Quant Active Fund Gr,02-01-2019,178.0014
Quant Active Fund Gr,01-01-2019,179.5767
Quant Active Fund Gr,31-12-2018,178.729
Quant Active Fund Gr,28-12-2018,178.5029
Quant Active Fund Gr,27-12-2018,176.2863
Quant Active Fund Gr,26-12-2018,176.1948
Quant Active Fund Gr,24-12-2018,175.244
Quant Active Fund Gr,21-12-2018,176.2978
Quant Active Fund Gr,20-12-2018,178.8707
Quant Active Fund Gr,19-12-2018,179.813
Quant Active Fund Gr,18-12-2018,177.0214
Quant Active Fund Gr,17-12-2018,176.1601
Quant Active Fund Gr,14-12-2018,175.5546
Quant Active Fund Gr,13-12-2018,175.4617
Quant Active Fund Gr,12-12-2018,174.5268
Quant Active Fund Gr,11-12-2018,170.8258
Quant Active Fund Gr,10-12-2018,168.2177
Quant Active Fund Gr,07-12-2018,171.5366
Quant Active Fund Gr,06-12-2018,170.8337
Quant Active Fund Gr,05-12-2018,173.8357
Quant Active Fund Gr,04-12-2018,176.553
Quant Active Fund Gr,03-12-2018,177.7183
Quant Active Fund Gr,30-11-2018,178.2206
Quant Active Fund Gr,29-11-2018,177.396
Quant Active Fund Gr,28-11-2018,175.395
Quant Active Fund Gr,27-11-2018,175.7052
Quant Active Fund Gr,26-11-2018,175.7258
Quant Active Fund Gr,22-11-2018,174.4219
Quant Active Fund Gr,21-11-2018,176.2931
Quant Active Fund Gr,20-11-2018,175.4235
Quant Active Fund Gr,19-11-2018,177.7956
Quant Active Fund Gr,16-11-2018,176.8672
Quant Active Fund Gr,15-11-2018,176.5592
Quant Active Fund Gr,14-11-2018,175.4947
Quant Active Fund Gr,13-11-2018,174.9094
Quant Active Fund Gr,12-11-2018,173.9941
Quant Active Fund Gr,09-11-2018,175.5128
Quant Active Fund Gr,06-11-2018,173.2977
Quant Active Fund Gr,05-11-2018,174.1751
Quant Active Fund Gr,02-11-2018,174.0812
Quant Active Fund Gr,01-11-2018,172.1523
Quant Active Fund Gr,31-10-2018,171.9656
Quant Active Fund Gr,30-10-2018,169.0927
Quant Active Fund Gr,29-10-2018,168.8176
Quant Active Fund Gr,26-10-2018,164.117
Quant Active Fund Gr,25-10-2018,164.9242
Quant Active Fund Gr,24-10-2018,166.9747
Quant Active Fund Gr,23-10-2018,166.749
Quant Active Fund Gr,22-10-2018,168.2165
Quant Active Fund Gr,19-10-2018,168.785
Quant Active Fund Gr,17-10-2018,170.6673
Quant Active Fund Gr,16-10-2018,172.4629
Quant Active Fund Gr,15-10-2018,171.2844
Quant Active Fund Gr,12-10-2018,169.7016
Quant Active Fund Gr,11-10-2018,167.3293
Quant Active Fund Gr,10-10-2018,170.224
Quant Active Fund Gr,09-10-2018,167.835
Quant Active Fund Gr,08-10-2018,167.6906
Quant Active Fund Gr,05-10-2018,168.7231
Quant Active Fund Gr,04-10-2018,172.2798
Quant Active Fund Gr,03-10-2018,175.6866
Quant Active Fund Gr,01-10-2018,176.397
Quant Active Fund Gr,28-09-2018,175.6981
Quant Active Fund Gr,27-09-2018,177.3858
Quant Active Fund Gr,26-09-2018,179.3753
Quant Active Fund Gr,25-09-2018,178.6857
Quant Active Fund Gr,24-09-2018,176.5353
Quant Active Fund Gr,21-09-2018,180.1084
Quant Active Fund Gr,19-09-2018,182.666
Quant Active Fund Gr,18-09-2018,183.2436
Quant Active Fund Gr,17-09-2018,185.1939
Quant Active Fund Gr,14-09-2018,187.1147
Quant Active Fund Gr,12-09-2018,184.8291
Quant Active Fund Gr,11-09-2018,183.774
Quant Active Fund Gr,10-09-2018,186.4843
Quant Active Fund Gr,07-09-2018,189.0319
Quant Active Fund Gr,06-09-2018,187.4358
Quant Active Fund Gr,05-09-2018,184.6711
Quant Active Fund Gr,04-09-2018,184.8285
Quant Active Fund Gr,03-09-2018,187.0507
Quant Active Fund Gr,31-08-2018,188.7891
Quant Active Fund Gr,30-08-2018,187.5992
Quant Active Fund Gr,29-08-2018,187.0716
Quant Active Fund Gr,28-08-2018,187.6855
Quant Active Fund Gr,27-08-2018,187.1051
Quant Active Fund Gr,24-08-2018,186.0407
Quant Active Fund Gr,23-08-2018,185.4341
Quant Active Fund Gr,21-08-2018,184.6646
Quant Active Fund Gr,20-08-2018,184.5165
Quant Active Fund Gr,17-08-2018,182.4831
Quant Active Fund Gr,16-08-2018,180.2653
Quant Active Fund Gr,14-08-2018,181.7701
Quant Active Fund Gr,13-08-2018,180.9238
Quant Active Fund Gr,10-08-2018,181.4903
Quant Active Fund Gr,09-08-2018,182.6519
Quant Active Fund Gr,08-08-2018,182.9927
Quant Active Fund Gr,07-08-2018,183.0353
Quant Active Fund Gr,06-08-2018,182.4306
Quant Active Fund Gr,03-08-2018,181.856
Quant Active Fund Gr,02-08-2018,180.3969
Quant Active Fund Gr,01-08-2018,182.4492
Quant Active Fund Gr,31-07-2018,182.137
Quant Active Fund Gr,30-07-2018,181.7548
Quant Active Fund Gr,27-07-2018,181.6222
Quant Active Fund Gr,26-07-2018,180.1866
Quant Active Fund Gr,25-07-2018,179.6916
Quant Active Fund Gr,24-07-2018,179.6381
Quant Active Fund Gr,23-07-2018,176.8961
Quant Active Fund Gr,20-07-2018,174.721
Quant Active Fund Gr,19-07-2018,173.8596
Quant Active Fund Gr,18-07-2018,174.6788
Quant Active Fund Gr,17-07-2018,175.6361
Quant Active Fund Gr,16-07-2018,174.6048
Quant Active Fund Gr,13-07-2018,176.9044
Quant Active Fund Gr,12-07-2018,177.5122
Quant Active Fund Gr,11-07-2018,176.9115
Quant Active Fund Gr,10-07-2018,178.0145
Quant Active Fund Gr,09-07-2018,176.9468
Quant Active Fund Gr,06-07-2018,175.6948
Quant Active Fund Gr,05-07-2018,175.0719
Quant Active Fund Gr,04-07-2018,174.9452
Quant Active Fund Gr,03-07-2018,174.7617
Quant Active Fund Gr,02-07-2018,173.8307
Quant Active Fund Gr,29-06-2018,175.1641
Quant Active Fund Gr,28-06-2018,173.7595
Quant Active Fund Gr,27-06-2018,175.0404
Quant Active Fund Gr,26-06-2018,175.9226
Quant Active Fund Gr,25-06-2018,175.1728
Quant Active Fund Gr,22-06-2018,176.406
Quant Active Fund Gr,21-06-2018,175.5937
Quant Active Fund Gr,20-06-2018,176.8224
Quant Active Fund Gr,19-06-2018,176.2366
Quant Active Fund Gr,18-06-2018,177.3068
Quant Active Fund Gr,15-06-2018,177.1485
Quant Active Fund Gr,14-06-2018,177.549
Quant Active Fund Gr,13-06-2018,177.6678
Quant Active Fund Gr,12-06-2018,178.2609
Quant Active Fund Gr,11-06-2018,177.3981
Quant Active Fund Gr,08-06-2018,176.7047
Quant Active Fund Gr,07-06-2018,176.9691
Quant Active Fund Gr,06-06-2018,175.3407
Quant Active Fund Gr,05-06-2018,173.918
Quant Active Fund Gr,04-06-2018,175.0043
Quant Active Fund Gr,01-06-2018,176.2914
Quant Active Fund Gr,31-05-2018,177.298
Quant Active Fund Gr,30-05-2018,176.7676
Quant Active Fund Gr,29-05-2018,176.9307
Quant Active Fund Gr,28-05-2018,177.4316
Quant Active Fund Gr,25-05-2018,175.8374
Quant Active Fund Gr,24-05-2018,174.2986
Quant Active Fund Gr,23-05-2018,174.9612
Quant Active Fund Gr,22-05-2018,175.7543
Quant Active Fund Gr,21-05-2018,175.2826
Quant Active Fund Gr,18-05-2018,177.2489
Quant Active Fund Gr,17-05-2018,178.9377
Quant Active Fund Gr,16-05-2018,179.2245
Quant Active Fund Gr,15-05-2018,179.0525
Quant Active Fund Gr,14-05-2018,180.0457
Quant Active Fund Gr,11-05-2018,179.7003
Quant Active Fund Gr,10-05-2018,178.7147
Quant Active Fund Gr,09-05-2018,179.9082
Quant Active Fund Gr,08-05-2018,179.6082
Quant Active Fund Gr,07-05-2018,179.8409
Quant Active Fund Gr,04-05-2018,178.6371
Quant Active Fund Gr,03-05-2018,179.894
Quant Active Fund Gr,02-05-2018,181.2442
Quant Active Fund Gr,30-04-2018,182.1829
Quant Active Fund Gr,27-04-2018,181.2971
Quant Active Fund Gr,26-04-2018,180.068
Quant Active Fund Gr,25-04-2018,180.1152
Quant Active Fund Gr,24-04-2018,180.7414
Quant Active Fund Gr,23-04-2018,180.1966
Quant Active Fund Gr,20-04-2018,179.6796
Quant Active Fund Gr,19-04-2018,180.5917
Quant Active Fund Gr,18-04-2018,179.7565
Quant Active Fund Gr,17-04-2018,179.8302
Quant Active Fund Gr,16-04-2018,180.3265
Quant Active Fund Gr,13-04-2018,179.2801
Quant Active Fund Gr,12-04-2018,178.9774
Quant Active Fund Gr,11-04-2018,179.1906
Quant Active Fund Gr,10-04-2018,179.2844
Quant Active Fund Gr,09-04-2018,178.9702
Quant Active Fund Gr,06-04-2018,179.0239
Quant Active Fund Gr,05-04-2018,178.1734
Quant Active Fund Gr,04-04-2018,176.345
Quant Active Fund Gr,03-04-2018,177.6358
Quant Active Fund Gr,02-04-2018,176.9085
Quant Active Fund Gr,31-03-2018,174.3756
Quant Active Fund Gr,28-03-2018,174.3945
Quant Active Fund Gr,27-03-2018,174.6666
Quant Active Fund Gr,26-03-2018,173.3085
Quant Active Fund Gr,23-03-2018,171.653
Quant Active Fund Gr,22-03-2018,172.7778
Quant Active Fund Gr,21-03-2018,173.4073
Quant Active Fund Gr,20-03-2018,173.5527
Quant Active Fund Gr,19-03-2018,173.2191
Quant Active Fund Gr,16-03-2018,174.5278
Quant Active Fund Gr,15-03-2018,175.9457
Quant Active Fund Gr,14-03-2018,176.261
Quant Active Fund Gr,13-03-2018,175.9849
Quant Active Fund Gr,12-03-2018,175.5116
Quant Active Fund Gr,09-03-2018,174.6523
Quant Active Fund Gr,08-03-2018,174.5187
Quant Active Fund Gr,07-03-2018,173.8744
Quant Active Fund Gr,06-03-2018,175.995
Quant Active Fund Gr,05-03-2018,176.9692
Quant Active Fund Gr,01-03-2018,179.1004
Quant Active Fund Gr,28-02-2018,179.2919
Quant Active Fund Gr,27-02-2018,179.68
Quant Active Fund Gr,26-02-2018,179.7946
Quant Active Fund Gr,23-02-2018,177.651
Quant Active Fund Gr,22-02-2018,175.9972
Quant Active Fund Gr,21-02-2018,175.8462
Quant Active Fund Gr,20-02-2018,176.0561
Quant Active Fund Gr,19-02-2018,175.5336
Quant Active Fund Gr,16-02-2018,177.038
Quant Active Fund Gr,15-02-2018,178.4849
Quant Active Fund Gr,14-02-2018,180.0168
Quant Active Fund Gr,12-02-2018,179.5076
Quant Active Fund Gr,09-02-2018,177.7147
Quant Active Fund Gr,08-02-2018,178.161
Quant Active Fund Gr,07-02-2018,174.6668
Quant Active Fund Gr,06-02-2018,173.8882
Quant Active Fund Gr,05-02-2018,175.6367
Quant Active Fund Gr,02-02-2018,176.9984
Quant Active Fund Gr,01-02-2018,182.2313
Quant Active Fund Gr,31-01-2018,180.4911
Quant Active Fund Gr,30-01-2018,180.9732
Quant Active Fund Gr,29-01-2018,181.5811
Quant Active Fund Gr,25-01-2018,181.5528
Quant Active Fund Gr,24-01-2018,182.6545
Quant Active Fund Gr,23-01-2018,183.7659
Quant Active Fund Gr,22-01-2018,183.3568
Quant Active Fund Gr,19-01-2018,182.684
Quant Active Fund Gr,18-01-2018,181.8901
Quant Active Fund Gr,17-01-2018,183.6975
Quant Active Fund Gr,16-01-2018,182.4843
Quant Active Fund Gr,15-01-2018,184.9738
Quant Active Fund Gr,12-01-2018,184.3125
Quant Active Fund Gr,11-01-2018,184.2761
Quant Active Fund Gr,10-01-2018,184.0091
Quant Active Fund Gr,09-01-2018,184.661
Quant Active Fund Gr,08-01-2018,184.4729
Quant Active Fund Gr,05-01-2018,183.8948
Quant Active Fund Gr,04-01-2018,182.1646
Quant Active Fund Gr,03-01-2018,180.8881
Quant Active Fund Gr,02-01-2018,179.6707
Quant Active Fund Gr,01-01-2018,180.635
Quant Active Fund Gr,29-12-2017,181.0426
Quant Active Fund Gr,28-12-2017,180.6487
Quant Active Fund Gr,27-12-2017,180.6071
Quant Active Fund Gr,26-12-2017,181.4235
Quant Active Fund Gr,22-12-2017,181.4499
Quant Active Fund Gr,21-12-2017,181.1874
Quant Active Fund Gr,20-12-2017,180.0576
Quant Active Fund Gr,19-12-2017,179.9231
Quant Active Fund Gr,18-12-2017,178.2445
Quant Active Fund Gr,15-12-2017,176.9194
Quant Active Fund Gr,14-12-2017,174.5771
Quant Active Fund Gr,13-12-2017,174.0337
Quant Active Fund Gr,12-12-2017,174.6591
Quant Active Fund Gr,11-12-2017,176.1325
Quant Active Fund Gr,08-12-2017,175.48
Quant Active Fund Gr,07-12-2017,173.9023
Quant Active Fund Gr,06-12-2017,171.9396
Quant Active Fund Gr,05-12-2017,173.3257
Quant Active Fund Gr,04-12-2017,173.4014
Quant Active Fund Gr,01-12-2017,173.4906
Quant Active Fund Gr,30-11-2017,174.7723
Quant Active Fund Gr,29-11-2017,175.919
Quant Active Fund Gr,28-11-2017,176.4257
Quant Active Fund Gr,27-11-2017,175.9387
Quant Active Fund Gr,24-11-2017,175.3924
Quant Active Fund Gr,23-11-2017,175.7312
Quant Active Fund Gr,22-11-2017,175.7982
Quant Active Fund Gr,21-11-2017,174.1813
Quant Active Fund Gr,20-11-2017,173.8668
Quant Active Fund Gr,17-11-2017,172.1246
Quant Active Fund Gr,16-11-2017,171.0778
Quant Active Fund Gr,15-11-2017,170.4554
Quant Active Fund Gr,14-11-2017,171.0824
Quant Active Fund Gr,13-11-2017,169.6072
Quant Active Fund Gr,10-11-2017,171.2601
Quant Active Fund Gr,09-11-2017,170.5058
Quant Active Fund Gr,08-11-2017,169.977
Quant Active Fund Gr,07-11-2017,170.1713
Quant Active Fund Gr,06-11-2017,171.8959
Quant Active Fund Gr,03-11-2017,171.595
Quant Active Fund Gr,02-11-2017,170.8202
Quant Active Fund Gr,01-11-2017,171.3254
Quant Active Fund Gr,31-10-2017,169.5497
Quant Active Fund Gr,30-10-2017,169.9177
Quant Active Fund Gr,27-10-2017,168.3118
Quant Active Fund Gr,26-10-2017,167.6925
Quant Active Fund Gr,25-10-2017,167.1441
Quant Active Fund Gr,24-10-2017,165.2697
Quant Active Fund Gr,23-10-2017,165.2397
Quant Active Fund Gr,18-10-2017,164.3086
Quant Active Fund Gr,17-10-2017,164.6305
Quant Active Fund Gr,16-10-2017,164.5749
Quant Active Fund Gr,13-10-2017,164.0406
Quant Active Fund Gr,12-10-2017,163.7623
Quant Active Fund Gr,11-10-2017,162.855
Quant Active Fund Gr,10-10-2017,163.7094
Quant Active Fund Gr,09-10-2017,163.4174
Quant Active Fund Gr,06-10-2017,163.1923
Quant Active Fund Gr,05-10-2017,161.7294
Quant Active Fund Gr,04-10-2017,161.4145
Quant Active Fund Gr,03-10-2017,161.0121
Quant Active Fund Gr,29-09-2017,160.2146
Quant Active Fund Gr,28-09-2017,159.4878
Quant Active Fund Gr,27-09-2017,158.7792
Quant Active Fund Gr,26-09-2017,161.6615
Quant Active Fund Gr,25-09-2017,160.8071
Quant Active Fund Gr,22-09-2017,162.9841
Quant Active Fund Gr,21-09-2017,166.5988
Quant Active Fund Gr,20-09-2017,167.3884
Quant Active Fund Gr,19-09-2017,167.6439
Quant Active Fund Gr,18-09-2017,167.2585
Quant Active Fund Gr,15-09-2017,166.6299
Quant Active Fund Gr,14-09-2017,166.8239
Quant Active Fund Gr,13-09-2017,166.885
Quant Active Fund Gr,12-09-2017,167.4388
Quant Active Fund Gr,11-09-2017,165.1109
Quant Active Fund Gr,08-09-2017,163.4675
Quant Active Fund Gr,07-09-2017,163.0518
Quant Active Fund Gr,06-09-2017,161.4171
Quant Active Fund Gr,05-09-2017,161.487
Quant Active Fund Gr,04-09-2017,160.9799
Quant Active Fund Gr,01-09-2017,162.0013
Quant Active Fund Gr,31-08-2017,160.9025
Quant Active Fund Gr,30-08-2017,160.8359
Quant Active Fund Gr,29-08-2017,159.5131
Quant Active Fund Gr,28-08-2017,160.8567
Quant Active Fund Gr,24-08-2017,159.5948
Quant Active Fund Gr,23-08-2017,159.9414
Quant Active Fund Gr,22-08-2017,158.5465
Quant Active Fund Gr,21-08-2017,159.2946
Quant Active Fund Gr,18-08-2017,160.0516
Quant Active Fund Gr,17-08-2017,160.9603
Quant Active Fund Gr,16-08-2017,161.3964
Quant Active Fund Gr,14-08-2017,160.2779
Quant Active Fund Gr,11-08-2017,157.6224
Quant Active Fund Gr,10-08-2017,157.922
Quant Active Fund Gr,09-08-2017,160.2474
Quant Active Fund Gr,08-08-2017,162.3317
Quant Active Fund Gr,07-08-2017,159.0499
Quant Active Fund Gr,04-08-2017,157.3295
Quant Active Fund Gr,03-08-2017,157.7149
Quant Active Fund Gr,02-08-2017,158.4262
Quant Active Fund Gr,01-08-2017,158.8334
Quant Active Fund Gr,31-07-2017,159.1024
Quant Active Fund Gr,28-07-2017,158.498
Quant Active Fund Gr,27-07-2017,158.1758
Quant Active Fund Gr,26-07-2017,158.866
Quant Active Fund Gr,25-07-2017,158.485
Quant Active Fund Gr,24-07-2017,157.8619
Quant Active Fund Gr,21-07-2017,158.4317
Quant Active Fund Gr,20-07-2017,158.7965
Quant Active Fund Gr,19-07-2017,158.1663
Quant Active Fund Gr,18-07-2017,157.3122
Quant Active Fund Gr,17-07-2017,157.6013
Quant Active Fund Gr,14-07-2017,157.3454
Quant Active Fund Gr,13-07-2017,157.7982
Quant Active Fund Gr,12-07-2017,157.1664
Quant Active Fund Gr,11-07-2017,156.5513
Quant Active Fund Gr,10-07-2017,157.2984
Quant Active Fund Gr,07-07-2017,156.5905
Quant Active Fund Gr,06-07-2017,156.9251
Quant Active Fund Gr,05-07-2017,157.4018
Quant Active Fund Gr,04-07-2017,156.6193
Quant Active Fund Gr,03-07-2017,155.7005
Quant Active Fund Gr,30-06-2017,154.1923
Quant Active Fund Gr,29-06-2017,153.3447
Quant Active Fund Gr,28-06-2017,152.0478
Quant Active Fund Gr,27-06-2017,152.1076
Quant Active Fund Gr,23-06-2017,153.6723
Quant Active Fund Gr,22-06-2017,155.5434
Quant Active Fund Gr,21-06-2017,156.2693
Quant Active Fund Gr,20-06-2017,156.429
Quant Active Fund Gr,19-06-2017,155.4055
Quant Active Fund Gr,16-06-2017,154.6603
Quant Active Fund Gr,15-06-2017,154.044
Quant Active Fund Gr,14-06-2017,153.9255
Quant Active Fund Gr,13-06-2017,153.5704
Quant Active Fund Gr,12-06-2017,154.4866
Quant Active Fund Gr,09-06-2017,155.2453
Quant Active Fund Gr,08-06-2017,155.0258
Quant Active Fund Gr,07-06-2017,155.0964
Quant Active Fund Gr,06-06-2017,153.7274
Quant Active Fund Gr,05-06-2017,154.2633
Quant Active Fund Gr,02-06-2017,153.3405
Quant Active Fund Gr,01-06-2017,153.113
Quant Active Fund Gr,31-05-2017,152.4573
Quant Active Fund Gr,30-05-2017,150.8903
Quant Active Fund Gr,29-05-2017,150.6789
Quant Active Fund Gr,26-05-2017,152.196
Quant Active Fund Gr,25-05-2017,150.8714
Quant Active Fund Gr,24-05-2017,148.3699
Quant Active Fund Gr,23-05-2017,148.8667
Quant Active Fund Gr,22-05-2017,150.35
Quant Active Fund Gr,19-05-2017,150.8953
Quant Active Fund Gr,18-05-2017,151.8224
Quant Active Fund Gr,17-05-2017,154.5539
Quant Active Fund Gr,16-05-2017,153.9213
Quant Active Fund Gr,15-05-2017,153.9474
Quant Active Fund Gr,12-05-2017,152.7204
Quant Active Fund Gr,11-05-2017,153.4957
Quant Active Fund Gr,10-05-2017,153.7719
Quant Active Fund Gr,09-05-2017,153.2805
Quant Active Fund Gr,08-05-2017,152.488
Quant Active Fund Gr,05-05-2017,152.0372
Quant Active Fund Gr,04-05-2017,152.6536
Quant Active Fund Gr,03-05-2017,152.074
Quant Active Fund Gr,02-05-2017,152.9873
Quant Active Fund Gr,28-04-2017,152.1788
Quant Active Fund Gr,27-04-2017,151.822
Quant Active Fund Gr,26-04-2017,152.1387
Quant Active Fund Gr,25-04-2017,152.4748
Quant Active Fund Gr,24-04-2017,152.2265
Quant Active Fund Gr,21-04-2017,150.8546
Quant Active Fund Gr,20-04-2017,151.2354
Quant Active Fund Gr,19-04-2017,150.2753
Quant Active Fund Gr,18-04-2017,149.5887
Quant Active Fund Gr,17-04-2017,150.499
Quant Active Fund Gr,13-04-2017,149.3085
Quant Active Fund Gr,12-04-2017,149.1176
Quant Active Fund Gr,11-04-2017,149.5357
Quant Active Fund Gr,10-04-2017,148.2445
Quant Active Fund Gr,07-04-2017,147.6013
Quant Active Fund Gr,06-04-2017,148.7507
Quant Active Fund Gr,05-04-2017,148.77
Quant Active Fund Gr,03-04-2017,149.1393
Quant Active Fund Gr,31-03-2017,146.6926
Quant Active Fund Gr,30-03-2017,146.2869
Quant Active Fund Gr,29-03-2017,145.8872
Quant Active Fund Gr,28-03-2017,145.5239
Quant Active Fund Gr,27-03-2017,144.6731
Quant Active Fund Gr,24-03-2017,144.3806
Quant Active Fund Gr,23-03-2017,144.2262
Quant Active Fund Gr,22-03-2017,143.1658
Quant Active Fund Gr,21-03-2017,144.0233
Quant Active Fund Gr,20-03-2017,144.64
Quant Active Fund Gr,17-03-2017,144.5788
Quant Active Fund Gr,16-03-2017,145.188
Quant Active Fund Gr,15-03-2017,143.6232
Quant Active Fund Gr,14-03-2017,143.2886
Quant Active Fund Gr,10-03-2017,140.3508
Quant Active Fund Gr,09-03-2017,141.1872
Quant Active Fund Gr,08-03-2017,141.038
Quant Active Fund Gr,07-03-2017,141.625
Quant Active Fund Gr,06-03-2017,141.4935
Quant Active Fund Gr,03-03-2017,141.2559
Quant Active Fund Gr,02-03-2017,139.7174
Quant Active Fund Gr,01-03-2017,141.0617
Quant Active Fund Gr,28-02-2017,139.9299
Quant Active Fund Gr,27-02-2017,139.7802
Quant Active Fund Gr,23-02-2017,140.1106
Quant Active Fund Gr,22-02-2017,139.452
Quant Active Fund Gr,21-02-2017,139.7009
Quant Active Fund Gr,20-02-2017,139.4874
Quant Active Fund Gr,17-02-2017,139.0336
Quant Active Fund Gr,16-02-2017,138.3375
Quant Active Fund Gr,15-02-2017,136.8125
Quant Active Fund Gr,14-02-2017,138.3969
Quant Active Fund Gr,13-02-2017,138.2999
Quant Active Fund Gr,10-02-2017,138.4147
Quant Active Fund Gr,09-02-2017,137.9522
Quant Active Fund Gr,08-02-2017,137.715
Quant Active Fund Gr,07-02-2017,137.0997
Quant Active Fund Gr,06-02-2017,137.2838
Quant Active Fund Gr,03-02-2017,136.6699
Quant Active Fund Gr,02-02-2017,137.0968
Quant Active Fund Gr,01-02-2017,136.3556
Quant Active Fund Gr,31-01-2017,134.504
Quant Active Fund Gr,30-01-2017,136.3928
Quant Active Fund Gr,27-01-2017,136.2181
Quant Active Fund Gr,25-01-2017,135.107
Quant Active Fund Gr,24-01-2017,134.5926
Quant Active Fund Gr,23-01-2017,133.8025
Quant Active Fund Gr,20-01-2017,133.2901
Quant Active Fund Gr,19-01-2017,135.0718
Quant Active Fund Gr,18-01-2017,135.0264
Quant Active Fund Gr,17-01-2017,134.6398
Quant Active Fund Gr,16-01-2017,134.6076
Quant Active Fund Gr,13-01-2017,134.2616
Quant Active Fund Gr,12-01-2017,134.3034
Quant Active Fund Gr,11-01-2017,134.0958
Quant Active Fund Gr,10-01-2017,133.1486
Quant Active Fund Gr,09-01-2017,133.1753
Quant Active Fund Gr,06-01-2017,132.5351
Quant Active Fund Gr,05-01-2017,133.1468
Quant Active Fund Gr,04-01-2017,132.1796
Quant Active Fund Gr,03-01-2017,132.0832
Quant Active Fund Gr,02-01-2017,131.2128
Quant Active Fund Gr,30-12-2016,130.9582
Quant Active Fund Gr,29-12-2016,129.1959
Quant Active Fund Gr,28-12-2016,128.0934
Quant Active Fund Gr,27-12-2016,127.2346
Quant Active Fund Gr,26-12-2016,125.5882
Quant Active Fund Gr,23-12-2016,127.4117
Quant Active Fund Gr,22-12-2016,127.5092
Quant Active Fund Gr,21-12-2016,129.2362
Quant Active Fund Gr,20-12-2016,129.8638
Quant Active Fund Gr,19-12-2016,131.5319
Quant Active Fund Gr,16-12-2016,132.3661
Quant Active Fund Gr,15-12-2016,131.7836
Quant Active Fund Gr,14-12-2016,131.5564
Quant Active Fund Gr,13-12-2016,131.955
Quant Active Fund Gr,12-12-2016,131.7047
Quant Active Fund Gr,09-12-2016,132.5482
Quant Active Fund Gr,08-12-2016,132.6579
Quant Active Fund Gr,07-12-2016,130.5223
Quant Active Fund Gr,06-12-2016,131.3154
Quant Active Fund Gr,05-12-2016,131.0271
Quant Active Fund Gr,02-12-2016,130.7567
Quant Active Fund Gr,01-12-2016,131.9729
Quant Active Fund Gr,30-11-2016,132.7825
Quant Active Fund Gr,29-11-2016,131.5047
Quant Active Fund Gr,28-11-2016,131.3643
Quant Active Fund Gr,25-11-2016,131.3618
Quant Active Fund Gr,24-11-2016,128.8434
Quant Active Fund Gr,23-11-2016,128.707
Quant Active Fund Gr,22-11-2016,127.0452
Quant Active Fund Gr,21-11-2016,125.9303
Quant Active Fund Gr,18-11-2016,129.4447
Quant Active Fund Gr,17-11-2016,128.8759
Quant Active Fund Gr,16-11-2016,129.3074
Quant Active Fund Gr,15-11-2016,129.0818
Quant Active Fund Gr,11-11-2016,134.8453
Quant Active Fund Gr,10-11-2016,139.13
Quant Active Fund Gr,09-11-2016,137.5991
Quant Active Fund Gr,08-11-2016,140.236
Quant Active Fund Gr,07-11-2016,139.5866
Quant Active Fund Gr,04-11-2016,137.7626
Quant Active Fund Gr,03-11-2016,140.1532
Quant Active Fund Gr,02-11-2016,141.2401
Quant Active Fund Gr,01-11-2016,142.8693
Quant Active Fund Gr,28-10-2016,142.1217
Quant Active Fund Gr,27-10-2016,141.179
Quant Active Fund Gr,26-10-2016,141.7999
Quant Active Fund Gr,25-10-2016,143.0509
Quant Active Fund Gr,24-10-2016,142.9488
Quant Active Fund Gr,21-10-2016,143.0261
Quant Active Fund Gr,20-10-2016,143.314
Quant Active Fund Gr,19-10-2016,143.3958
Quant Active Fund Gr,18-10-2016,142.8973
Quant Active Fund Gr,17-10-2016,141.1073
Quant Active Fund Gr,14-10-2016,141.342
Quant Active Fund Gr,13-10-2016,140.2017
Quant Active Fund Gr,10-10-2016,142.6528
Quant Active Fund Gr,07-10-2016,142.6881
Quant Active Fund Gr,06-10-2016,143.2016
Quant Active Fund Gr,05-10-2016,143.8022
Quant Active Fund Gr,04-10-2016,142.2161
Quant Active Fund Gr,03-10-2016,141.3797
Quant Active Fund Gr,30-09-2016,138.5722
Quant Active Fund Gr,29-09-2016,136.5692
Quant Active Fund Gr,28-09-2016,140.96
Quant Active Fund Gr,27-09-2016,140.0174
Quant Active Fund Gr,26-09-2016,140.3227
Quant Active Fund Gr,23-09-2016,141.3089
Quant Active Fund Gr,22-09-2016,141.1993
Quant Active Fund Gr,21-09-2016,139.3341
Quant Active Fund Gr,20-09-2016,139.1051
Quant Active Fund Gr,19-09-2016,139.1002
Quant Active Fund Gr,16-09-2016,139.3332
Quant Active Fund Gr,15-09-2016,138.8278
Quant Active Fund Gr,14-09-2016,138.7523
Quant Active Fund Gr,12-09-2016,138.3846
Quant Active Fund Gr,09-09-2016,140.521
Quant Active Fund Gr,08-09-2016,140.7089
Quant Active Fund Gr,07-09-2016,140.4888
Quant Active Fund Gr,06-09-2016,140.9751
Quant Active Fund Gr,02-09-2016,140.0879
Quant Active Fund Gr,01-09-2016,138.676
Quant Active Fund Gr,31-08-2016,138.8553
Quant Active Fund Gr,30-08-2016,139.1277
Quant Active Fund Gr,29-08-2016,137.5634
Quant Active Fund Gr,26-08-2016,136.3373
Quant Active Fund Gr,25-08-2016,135.8906
Quant Active Fund Gr,24-08-2016,136.0978
Quant Active Fund Gr,23-08-2016,136.1605
Quant Active Fund Gr,22-08-2016,136.1701
Quant Active Fund Gr,19-08-2016,136.6135
Quant Active Fund Gr,18-08-2016,136.6689
Quant Active Fund Gr,17-08-2016,135.8357
Quant Active Fund Gr,16-08-2016,135.1407
Quant Active Fund Gr,12-08-2016,135.4446
Quant Active Fund Gr,11-08-2016,136.0873
Quant Active Fund Gr,10-08-2016,136.4086
Quant Active Fund Gr,09-08-2016,137.7026
Quant Active Fund Gr,08-08-2016,137.5574
Quant Active Fund Gr,05-08-2016,136.0552
Quant Active Fund Gr,04-08-2016,133.5907
Quant Active Fund Gr,03-08-2016,133.4464
Quant Active Fund Gr,02-08-2016,134.0077
Quant Active Fund Gr,01-08-2016,134.4266
Quant Active Fund Gr,29-07-2016,134.4843
Quant Active Fund Gr,28-07-2016,134.8304
Quant Active Fund Gr,27-07-2016,135.1812
Quant Active Fund Gr,26-07-2016,133.8168
Quant Active Fund Gr,25-07-2016,134.381
Quant Active Fund Gr,22-07-2016,133.3714
Quant Active Fund Gr,21-07-2016,132.6837
Quant Active Fund Gr,20-07-2016,133.1132
Quant Active Fund Gr,19-07-2016,132.5486
Quant Active Fund Gr,18-07-2016,132.8508
Quant Active Fund Gr,15-07-2016,133.1945
Quant Active Fund Gr,14-07-2016,134.35
Quant Active Fund Gr,13-07-2016,134.0958
Quant Active Fund Gr,12-07-2016,134.8102
Quant Active Fund Gr,11-07-2016,134.8524
Quant Active Fund Gr,08-07-2016,133.9329
Quant Active Fund Gr,07-07-2016,134.0992
Quant Active Fund Gr,05-07-2016,134.3827
Quant Active Fund Gr,04-07-2016,134.3269
Quant Active Fund Gr,01-07-2016,133.4108
Quant Active Fund Gr,30-06-2016,132.7575
Quant Active Fund Gr,29-06-2016,131.221
Quant Active Fund Gr,28-06-2016,129.7602
Quant Active Fund Gr,27-06-2016,129.6798
Quant Active Fund Gr,24-06-2016,128.6965
Quant Active Fund Gr,23-06-2016,130.0341
Quant Active Fund Gr,22-06-2016,129.9617
Quant Active Fund Gr,21-06-2016,130.0061
Quant Active Fund Gr,20-06-2016,129.8138
Quant Active Fund Gr,17-06-2016,129.8695
Quant Active Fund Gr,16-06-2016,129.4717
Quant Active Fund Gr,15-06-2016,130.11
Quant Active Fund Gr,14-06-2016,129.1358
Quant Active Fund Gr,13-06-2016,128.8126
Quant Active Fund Gr,10-06-2016,130.0644
Quant Active Fund Gr,09-06-2016,130.6771
Quant Active Fund Gr,08-06-2016,130.9631
Quant Active Fund Gr,07-06-2016,130.2079
Quant Active Fund Gr,06-06-2016,129.8726
Quant Active Fund Gr,03-06-2016,129.7969
Quant Active Fund Gr,02-06-2016,129.313
Quant Active Fund Gr,01-06-2016,129.4922
Quant Active Fund Gr,31-05-2016,129.6244
Quant Active Fund Gr,30-05-2016,130.5154
Quant Active Fund Gr,27-05-2016,130.5995
Quant Active Fund Gr,26-05-2016,129.0118
Quant Active Fund Gr,25-05-2016,127.8401
Quant Active Fund Gr,24-05-2016,126.9586
Quant Active Fund Gr,23-05-2016,126.9215
Quant Active Fund Gr,20-05-2016,127.8689
Quant Active Fund Gr,19-05-2016,128.7829
Quant Active Fund Gr,18-05-2016,129.6946
Quant Active Fund Gr,17-05-2016,128.7116
Quant Active Fund Gr,16-05-2016,128.9005
Quant Active Fund Gr,13-05-2016,129.2118
Quant Active Fund Gr,12-05-2016,130.5718
Quant Active Fund Gr,11-05-2016,129.4799
Quant Active Fund Gr,10-05-2016,129.0751
Quant Active Fund Gr,09-05-2016,128.843
Quant Active Fund Gr,06-05-2016,126.8406
Quant Active Fund Gr,05-05-2016,127.0273
Quant Active Fund Gr,04-05-2016,126.5737
Quant Active Fund Gr,03-05-2016,127.5646
Quant Active Fund Gr,02-05-2016,128.5766
Quant Active Fund Gr,29-04-2016,128.1102
Quant Active Fund Gr,28-04-2016,127.0449
Quant Active Fund Gr,27-04-2016,128.8463
Quant Active Fund Gr,26-04-2016,128.7489
Quant Active Fund Gr,25-04-2016,127.8458
Quant Active Fund Gr,22-04-2016,127.96
Quant Active Fund Gr,21-04-2016,128.0918
Quant Active Fund Gr,20-04-2016,128.5563
Quant Active Fund Gr,18-04-2016,128.4574
Quant Active Fund Gr,13-04-2016,126.4055
Quant Active Fund Gr,12-04-2016,124.7439
Quant Active Fund Gr,11-04-2016,124.0478
Quant Active Fund Gr,08-04-2016,123.2969
Quant Active Fund Gr,07-04-2016,123.4621
Quant Active Fund Gr,06-04-2016,124.1389
Quant Active Fund Gr,05-04-2016,123.5202
Quant Active Fund Gr,04-04-2016,124.634
Quant Active Fund Gr,01-04-2016,122.5923
Quant Active Fund Gr,31-03-2016,121.6542
Quant Active Fund Gr,30-03-2016,121.3324
Quant Active Fund Gr,29-03-2016,119.9302
Quant Active Fund Gr,28-03-2016,120.256
Quant Active Fund Gr,23-03-2016,121.4295
Quant Active Fund Gr,22-03-2016,120.972
Quant Active Fund Gr,21-03-2016,120.8586
Quant Active Fund Gr,18-03-2016,119.532
Quant Active Fund Gr,17-03-2016,118.7931
Quant Active Fund Gr,16-03-2016,117.9187
Quant Active Fund Gr,15-03-2016,117.6275
Quant Active Fund Gr,14-03-2016,118.8301
Quant Active Fund Gr,11-03-2016,118.4516
Quant Active Fund Gr,10-03-2016,118.8427
Quant Active Fund Gr,09-03-2016,119.2165
Quant Active Fund Gr,08-03-2016,118.4081
Quant Active Fund Gr,04-03-2016,118.4292
Quant Active Fund Gr,03-03-2016,117.8853
Quant Active Fund Gr,02-03-2016,116.6008
Quant Active Fund Gr,01-03-2016,113.8761
Quant Active Fund Gr,29-02-2016,109.9401
Quant Active Fund Gr,26-02-2016,110.8631
Quant Active Fund Gr,25-02-2016,110.934
Quant Active Fund Gr,24-02-2016,112.2638
Quant Active Fund Gr,23-02-2016,113.9705
Quant Active Fund Gr,22-02-2016,115.4377
Quant Active Fund Gr,19-02-2016,115.2046
Quant Active Fund Gr,18-02-2016,114.7688
Quant Active Fund Gr,17-02-2016,113.8351
Quant Active Fund Gr,16-02-2016,114.1957
Quant Active Fund Gr,15-02-2016,116.4822
Quant Active Fund Gr,12-02-2016,113.4812
Quant Active Fund Gr,11-02-2016,113.778
Quant Active Fund Gr,10-02-2016,118.6908
Quant Active Fund Gr,09-02-2016,119.8656
Quant Active Fund Gr,08-02-2016,121.8681
Quant Active Fund Gr,05-02-2016,121.6815
Quant Active Fund Gr,04-02-2016,120.6936
Quant Active Fund Gr,03-02-2016,120.6908
Quant Active Fund Gr,02-02-2016,123.0699
Quant Active Fund Gr,01-02-2016,125.0037
Quant Active Fund Gr,29-01-2016,125.4013
Quant Active Fund Gr,28-01-2016,122.897
Quant Active Fund Gr,27-01-2016,123.2189
Quant Active Fund Gr,25-01-2016,123.0345
Quant Active Fund Gr,22-01-2016,121.1981
Quant Active Fund Gr,21-01-2016,117.9795
Quant Active Fund Gr,20-01-2016,118.3255
Quant Active Fund Gr,19-01-2016,121.5024
Quant Active Fund Gr,18-01-2016,118.6385
Quant Active Fund Gr,15-01-2016,122.4666
Quant Active Fund Gr,14-01-2016,125.4139
Quant Active Fund Gr,13-01-2016,127.5611
Quant Active Fund Gr,12-01-2016,129.2028
Quant Active Fund Gr,11-01-2016,131.4406
Quant Active Fund Gr,08-01-2016,133.7128
Quant Active Fund Gr,07-01-2016,130.4557
Quant Active Fund Gr,06-01-2016,134.6361
Quant Active Fund Gr,05-01-2016,133.5621
Quant Active Fund Gr,04-01-2016,132.3904
Quant Active Fund Gr,01-01-2016,133.9623
Quant Active Fund Gr,31-12-2015,132.9748
Quant Active Fund Gr,30-12-2015,131.6302
Quant Active Fund Gr,29-12-2015,131.3447
Quant Active Fund Gr,28-12-2015,131.1974
Quant Active Fund Gr,24-12-2015,131.3571
Quant Active Fund Gr,23-12-2015,131.095
Quant Active Fund Gr,22-12-2015,130.1598
Quant Active Fund Gr,21-12-2015,130.3707
Quant Active Fund Gr,18-12-2015,129.5762
Quant Active Fund Gr,17-12-2015,130.1824
Quant Active Fund Gr,16-12-2015,128.4186
Quant Active Fund Gr,15-12-2015,126.943
Quant Active Fund Gr,14-12-2015,126.181
Quant Active Fund Gr,11-12-2015,126.3219
Quant Active Fund Gr,10-12-2015,127.4876
Quant Active Fund Gr,09-12-2015,125.7526
Quant Active Fund Gr,08-12-2015,128.0595
Quant Active Fund Gr,07-12-2015,129.571
Quant Active Fund Gr,04-12-2015,128.9805
Quant Active Fund Gr,03-12-2015,129.2284
Quant Active Fund Gr,02-12-2015,130.3449
Quant Active Fund Gr,01-12-2015,130.7826
Quant Active Fund Gr,30-11-2015,130.4624
Quant Active Fund Gr,27-11-2015,129.3599
Quant Active Fund Gr,26-11-2015,129.0735
Quant Active Fund Gr,24-11-2015,128.1627
Quant Active Fund Gr,23-11-2015,127.3843
Quant Active Fund Gr,20-11-2015,127.286
Quant Active Fund Gr,19-11-2015,126.515
Quant Active Fund Gr,18-11-2015,125.3883
Quant Active Fund Gr,17-11-2015,125.2377
Quant Active Fund Gr,16-11-2015,124.4403
Quant Active Fund Gr,13-11-2015,124.4218
Quant Active Fund Gr,10-11-2015,123.8068
Quant Active Fund Gr,09-11-2015,125.221
Quant Active Fund Gr,06-11-2015,124.1883
Quant Active Fund Gr,05-11-2015,124.5455
Quant Active Fund Gr,04-11-2015,124.5587
Quant Active Fund Gr,03-11-2015,124.8762
Quant Active Fund Gr,02-11-2015,124.1386
Quant Active Fund Gr,30-10-2015,123.3941
Quant Active Fund Gr,28-10-2015,124.3921
Quant Active Fund Gr,27-10-2015,124.394
Quant Active Fund Gr,26-10-2015,124.3081
Quant Active Fund Gr,23-10-2015,125.2173
Quant Active Fund Gr,21-10-2015,125.3093
Quant Active Fund Gr,20-10-2015,125.5902
Quant Active Fund Gr,19-10-2015,125.4741
Quant Active Fund Gr,16-10-2015,124.8987
Quant Active Fund Gr,15-10-2015,124.8105
Quant Active Fund Gr,14-10-2015,124.2657
Quant Active Fund Gr,13-10-2015,124.8805
Quant Active Fund Gr,12-10-2015,125.2094
Quant Active Fund Gr,09-10-2015,125.3015
Quant Active Fund Gr,08-10-2015,124.5635
Quant Active Fund Gr,07-10-2015,124.9677
Quant Active Fund Gr,06-10-2015,124.9398
Quant Active Fund Gr,05-10-2015,124.8325
Quant Active Fund Gr,01-10-2015,123.5331
Quant Active Fund Gr,30-09-2015,123.9445
Quant Active Fund Gr,29-09-2015,122.5072
Quant Active Fund Gr,28-09-2015,122.1999
Quant Active Fund Gr,24-09-2015,122.5635
Quant Active Fund Gr,23-09-2015,122.241
Quant Active Fund Gr,22-09-2015,121.9891
Quant Active Fund Gr,21-09-2015,123.2553
Quant Active Fund Gr,18-09-2015,123.4137
Quant Active Fund Gr,16-09-2015,121.6175
Quant Active Fund Gr,15-09-2015,121.3728
Quant Active Fund Gr,14-09-2015,121.8851
Quant Active Fund Gr,11-09-2015,120.6737
Quant Active Fund Gr,10-09-2015,120.6584
Quant Active Fund Gr,09-09-2015,120.9708
Quant Active Fund Gr,08-09-2015,118.8848
Quant Active Fund Gr,07-09-2015,117.8561
Quant Active Fund Gr,04-09-2015,119.7141
Quant Active Fund Gr,03-09-2015,122.1324
Quant Active Fund Gr,02-09-2015,120.6621
Quant Active Fund Gr,01-09-2015,121.0809
Quant Active Fund Gr,31-08-2015,122.7557
Quant Active Fund Gr,28-08-2015,123.5498
Quant Active Fund Gr,27-08-2015,123.3313
Quant Active Fund Gr,26-08-2015,120.443
Quant Active Fund Gr,25-08-2015,120.8063
Quant Active Fund Gr,24-08-2015,118.8623
Quant Active Fund Gr,21-08-2015,128.6001
Quant Active Fund Gr,20-08-2015,128.698
Quant Active Fund Gr,19-08-2015,129.7907
Quant Active Fund Gr,18-08-2015,129.3189
Quant Active Fund Gr,17-08-2015,128.4254
Quant Active Fund Gr,14-08-2015,128.3932
Quant Active Fund Gr,13-08-2015,126.526
Quant Active Fund Gr,12-08-2015,127.0221
Quant Active Fund Gr,11-08-2015,128.9207
Quant Active Fund Gr,10-08-2015,129.0872
Quant Active Fund Gr,07-08-2015,129.5289
Quant Active Fund Gr,06-08-2015,130.0267
Quant Active Fund Gr,05-08-2015,130.2253
Quant Active Fund Gr,04-08-2015,129.9994
Quant Active Fund Gr,03-08-2015,129.834
Quant Active Fund Gr,31-07-2015,129.7263
Quant Active Fund Gr,30-07-2015,127.4651
Quant Active Fund Gr,29-07-2015,127.0767
Quant Active Fund Gr,28-07-2015,126.5984
Quant Active Fund Gr,27-07-2015,126.6746
Quant Active Fund Gr,24-07-2015,128.2405
Quant Active Fund Gr,23-07-2015,129.2736
Quant Active Fund Gr,22-07-2015,127.7781
Quant Active Fund Gr,21-07-2015,127.063
Quant Active Fund Gr,20-07-2015,127.6446
Quant Active Fund Gr,17-07-2015,127.9745
Quant Active Fund Gr,16-07-2015,127.7179
Quant Active Fund Gr,15-07-2015,126.3899
Quant Active Fund Gr,14-07-2015,126.2065
Quant Active Fund Gr,13-07-2015,125.6995
Quant Active Fund Gr,10-07-2015,124.9211
Quant Active Fund Gr,09-07-2015,124.818
Quant Active Fund Gr,08-07-2015,125.0093
Quant Active Fund Gr,07-07-2015,126.7095
Quant Active Fund Gr,06-07-2015,125.517
Quant Active Fund Gr,03-07-2015,124.7911
Quant Active Fund Gr,02-07-2015,124.9221
Quant Active Fund Gr,01-07-2015,124.4199
Quant Active Fund Gr,30-06-2015,121.8979
Quant Active Fund Gr,29-06-2015,120.8469
Quant Active Fund Gr,26-06-2015,122.3299
Quant Active Fund Gr,25-06-2015,122.0344
Quant Active Fund Gr,24-06-2015,122.0503
Quant Active Fund Gr,23-06-2015,122.6642
Quant Active Fund Gr,22-06-2015,122.3257
Quant Active Fund Gr,19-06-2015,121.1843
Quant Active Fund Gr,18-06-2015,120.9881
Quant Active Fund Gr,17-06-2015,119.7682
Quant Active Fund Gr,16-06-2015,118.9919
Quant Active Fund Gr,15-06-2015,118.882
Quant Active Fund Gr,12-06-2015,118.3206
Quant Active Fund Gr,11-06-2015,118.3731
Quant Active Fund Gr,10-06-2015,119.7426
Quant Active Fund Gr,09-06-2015,118.1488
Quant Active Fund Gr,08-06-2015,118.6354
Quant Active Fund Gr,05-06-2015,119.6783
Quant Active Fund Gr,04-06-2015,119.1382
Quant Active Fund Gr,03-06-2015,118.9772
Quant Active Fund Gr,02-06-2015,120.4311
Quant Active Fund Gr,01-06-2015,122.5306
Quant Active Fund Gr,29-05-2015,122.7886
Quant Active Fund Gr,28-05-2015,121.3702
Quant Active Fund Gr,27-05-2015,121.7891
Quant Active Fund Gr,26-05-2015,121.9374
Quant Active Fund Gr,25-05-2015,122.1193
